n,marathon,year,gender,subgroup,avg_chip_seconds,avg_temp,precipitation,dew_point,wind_speed,visibility,sea_level_pressure,co,ozone,pm25,no2,supershoe,temp_aqi_interaction,avg_temp_gender_interaction
159,Boston,1996,female,elite,10660.547169811322,40.46,0,24.17,20,10,30.21,13,41,56,34,0,2791.7400000000002,0
1057,Boston,1996,female,competitive,12930.5156102176,40.46,0,24.17,20,10,30.21,13,41,55,34,0,2791.7400000000002,0
3481,Boston,1996,female,average,14792.14708417124,40.46,0,24.17,20,10,30.21,13,41,56,34,0,2791.7400000000002,0
2393,Boston,1996,female,recreational,17029.760133723346,40.46,0,24.17,20,10,30.21,13,41,55,34,0,2791.7400000000002,0
1389,Boston,1996,female,slow,20672.910727141865,40.46,0,24.17,20,10,30.21,13,41,56,34,0,2791.7400000000002,0
767,Boston,1996,male,elite,9553.104302477188,40.46,0,24.17,20,10,30.21,13,41,56,34,0,2791.7400000000002,40.46
5095,Boston,1996,male,competitive,11215.48792934246,40.46,0,24.17,20,10,30.21,13,41,55,34,0,2791.7400000000002,40.46
8091,Boston,1996,male,average,12994.776294648358,40.46,0,24.17,20,10,30.21,13,41,56,34,0,2791.7400000000002,40.46
6697,Boston,1996,male,recreational,15006.024787218206,40.46,0,24.17,20,10,30.21,13,41,55,34,0,2791.7400000000002,40.46
6677,Boston,1996,male,slow,18590.41036393593,40.46,0,24.17,20,10,30.21,13,41,55,34,0,2791.7400000000002,40.46
43,Boston,1997,female,elite,9696.116279069767,47.04,0,40.96,13,10,29.77,15,44,47,57,0,2681.2799999999997,0
358,Boston,1997,female,competitive,12093.351955307262,47.04,0,40.96,13,10,29.77,15,44,47,57,0,2681.2799999999997,0
1253,Boston,1997,female,average,13713.015163607351,47.04,0,40.96,13,10,29.77,15,44,47,57,0,2681.2799999999997,0
692,Boston,1997,female,recreational,15761.51011560693,47.04,0,40.96,13,10,29.77,15,44,47,57,0,2681.2799999999997,0
137,Boston,1997,female,slow,17793.087591240877,47.04,0,40.96,13,10,29.77,15,44,47,57,0,2681.2799999999997,0
292,Boston,1997,male,elite,9535.195205479453,47.04,0,40.96,13,10,29.77,15,44,47,57,0,2681.2799999999997,47.04
2233,Boston,1997,male,competitive,11329.65696372593,47.04,0,40.96,13,10,29.77,15,44,47,57,0,2681.2799999999997,47.04
2304,Boston,1997,male,average,13023.363715277796,47.04,0,40.96,13,10,29.77,15,44,47,57,0,2681.2799999999997,47.04
1171,Boston,1997,male,recreational,15105.83859948762,47.04,0,40.96,13,10,29.77,15,44,47,57,0,2681.2799999999997,47.04
432,Boston,1997,male,slow,17253.379629629628,47.04,0,40.96,13,10,29.77,15,44,47,57,0,2681.2799999999997,47.04
59,Boston,1998,female,elite,10018.28813559322,48.62,0,43.38,20,10,29.99,17,49,45,41,0,2382.3799999999997,0
720,Boston,1998,female,competitive,12375.901388888891,48.62,0,43.38,20,10,29.99,17,49,45,41,0,2382.3799999999997,0
1424,Boston,1998,female,average,13971.685393258434,48.62,0,43.38,20,10,29.99,17,49,45,41,0,2382.3799999999997,0
711,Boston,1998,female,recreational,16214.167369901545,48.62,0,43.38,20,10,29.99,17,49,45,41,0,2382.3799999999997,0
239,Boston,1998,female,slow,18893.497907949793,48.62,0,43.38,20,10,29.99,17,49,45,41,0,2382.3799999999997,0
283,Boston,1998,male,elite,9425.349823321558,48.62,0,43.38,20,10,29.99,17,49,45,41,0,2382.3799999999997,48.62
2236,Boston,1998,male,competitive,11092.502683363144,48.62,0,43.38,20,10,29.99,17,49,45,41,0,2382.3799999999997,48.62
2550,Boston,1998,male,average,12696.55411764704,48.62,0,43.38,20,10,29.99,17,49,45,41,0,2382.3799999999997,48.62
1385,Boston,1998,male,recreational,14761.477256317696,48.62,0,43.38,20,10,29.99,17,49,45,41,0,2382.3799999999997,48.62
710,Boston,1998,male,slow,17716.27605633802,48.62,0,43.38,20,10,29.99,17,49,45,41,0,2382.3799999999997,48.62
66,Boston,1999,female,elite,10368.969696969696,51.09,0,38.35,15,10,29.94,14,48,47,53,0,2707.77,0
891,Boston,1999,female,competitive,12656.56341189674,51.09,0,38.35,15,10,29.94,14,48,47,53,0,2707.77,0
1720,Boston,1999,female,average,14302.50058139535,51.09,0,38.35,15,10,29.94,14,48,47,53,0,2707.77,0
808,Boston,1999,female,recreational,16611.23638613861,51.09,0,38.35,15,10,29.94,14,48,47,53,0,2707.77,0
282,Boston,1999,female,slow,19272.60992907802,51.09,0,38.35,15,10,29.94,14,48,47,53,0,2707.77,0
261,Boston,1999,male,elite,9509.842911877397,51.09,0,38.35,15,10,29.94,14,48,47,53,0,2707.77,51.09
2148,Boston,1999,male,competitive,11305.356610800747,51.09,0,38.35,15,10,29.94,14,48,47,53,0,2707.77,51.09
2607,Boston,1999,male,average,12983.0019179133,51.09,0,38.35,15,10,29.94,14,48,47,53,0,2707.77,51.09
1589,Boston,1999,male,recreational,15022.930144745136,51.09,0,38.35,15,10,29.94,14,48,47,53,0,2707.77,51.09
920,Boston,1999,male,slow,17959.280434782602,51.09,0,38.35,15,10,29.94,14,48,47,53,0,2707.77,51.09
146,Boston,2000,female,elite,10705.760273972604,43,0,30.43,21,10,30.27,7,42,55,30,0,2365,0
2329,Boston,2000,female,competitive,12807.707599828253,43,0,30.43,21,10,30.27,7,42,55,30,0,2365,0
2100,Boston,2000,female,average,14451.554285714286,43,0,30.43,21,10,30.27,7,42,55,30,0,2365,0
712,Boston,2000,female,recreational,16851.700842696635,43,0,30.43,21,10,30.27,7,42,55,30,0,2365,0
186,Boston,2000,female,slow,19436.666666666664,43,0,30.43,21,10,30.27,7,42,55,30,0,2365,0
365,Boston,2000,male,elite,9622.493150684932,43,0,30.43,21,10,30.27,7,42,55,30,0,2365,43
3800,Boston,2000,male,competitive,11264.325789473693,43,0,30.43,21,10,30.27,7,42,55,30,0,2365,43
3718,Boston,2000,male,average,12896.879236148485,43,0,30.43,21,10,30.27,7,42,55,30,0,2365,43
1603,Boston,2000,male,recreational,15010.774173424836,43,0,30.43,21,10,30.27,7,42,55,30,0,2365,43
721,Boston,2000,male,slow,17823.00416088765,43,0,30.43,21,10,30.27,7,42,55,30,0,2365,43
78,Boston,2001,female,elite,10318.294871794871,43.83,0,33.78,15,10,29.75,9,50,57,42,0,2498.31,0
1561,Boston,2001,female,competitive,12662.945547725803,43.83,0,33.78,15,10,29.75,9,50,57,42,0,2498.31,0
2108,Boston,2001,female,average,14243.1114800759,43.83,0,33.78,15,10,29.75,9,50,57,42,0,2498.31,0
796,Boston,2001,female,recreational,16590.211055276377,43.83,0,33.78,15,10,29.75,9,50,57,42,0,2498.31,0
262,Boston,2001,female,slow,19216.446564885497,43.83,0,33.78,15,10,29.75,9,50,57,42,0,2498.31,0
293,Boston,2001,male,elite,9546.590443686007,43.83,0,33.78,15,10,29.75,9,50,57,42,0,2498.31,43.83
2750,Boston,2001,male,competitive,11304.293454545455,43.83,0,33.78,15,10,29.75,9,50,57,42,0,2498.31,43.83
3040,Boston,2001,male,average,12931.280592105284,43.83,0,33.78,15,10,29.75,9,50,57,42,0,2498.31,43.83
1579,Boston,2001,male,recreational,14990.925269157698,43.83,0,33.78,15,10,29.75,9,50,57,42,0,2498.31,43.83
918,Boston,2001,male,slow,17838.379084967328,43.83,0,33.78,15,10,29.75,9,50,57,42,0,2498.31,43.83
67,Boston,2002,female,elite,10226.776119402984,49.64,0,48.22,15,10,30.04,13,35,62,38,0,3077.68,0
1386,Boston,2002,female,competitive,12407.904040404048,49.64,0,48.22,15,10,30.04,13,35,62,38,0,3077.68,0
2566,Boston,2002,female,average,13967.917770849568,49.64,0,48.22,15,10,30.04,13,35,62,38,0,3077.68,0
972,Boston,2002,female,recreational,16214.251028806577,49.64,0,48.22,15,10,30.04,13,35,62,38,0,3077.68,0
260,Boston,2002,female,slow,18574.55,49.64,0,48.22,15,10,30.04,13,35,62,38,0,3077.68,0
337,Boston,2002,male,elite,9460.13056379822,49.64,0,48.22,15,10,30.04,13,35,62,38,0,3077.68,49.64
3166,Boston,2002,male,competitive,11218.562539481994,49.64,0,48.22,15,10,30.04,13,35,62,38,0,3077.68,49.64
3243,Boston,2002,male,average,12858.033919210578,49.64,0,48.22,15,10,30.04,13,35,62,38,0,3077.68,49.64
1602,Boston,2002,male,recreational,14948.05555555555,49.64,0,48.22,15,10,30.04,13,35,62,38,0,3077.68,49.64
798,Boston,2002,male,slow,17535.627819548863,49.64,0,48.22,15,10,30.04,13,35,62,38,0,3077.68,49.64
73,Boston,2003,female,elite,10650.260273972604,47.3,0,37.74,25,10,30.15,10,71,59,43,0,3358.2999999999997,0
1673,Boston,2003,female,competitive,12816.471010161384,47.3,0,37.74,25,10,30.15,10,71,59,43,0,3358.2999999999997,0
2827,Boston,2003,female,average,14440.805447470815,47.3,0,37.74,25,10,30.15,10,71,59,43,0,3358.2999999999997,0
1318,Boston,2003,female,recreational,16716.00455235204,47.3,0,37.74,25,10,30.15,10,71,59,43,0,3358.2999999999997,0
407,Boston,2003,female,slow,19605.191646191648,47.3,0,37.74,25,10,30.15,10,71,59,43,0,3358.2999999999997,0
181,Boston,2003,male,elite,9650.121546961327,47.3,0,37.74,25,10,30.15,10,71,59,43,0,3358.2999999999997,47.3
2426,Boston,2003,male,competitive,11373.489282769991,47.3,0,37.74,25,10,30.15,10,71,59,43,0,3358.2999999999997,47.3
4160,Boston,2003,male,average,13054.046394230743,47.3,0,37.74,25,10,30.15,10,71,59,43,0,3358.2999999999997,47.3
2556,Boston,2003,male,recreational,15038.570422535196,47.3,0,37.74,25,10,30.15,10,71,59,43,0,3358.2999999999997,47.3
1397,Boston,2003,male,slow,18005.050107372957,47.3,0,37.74,25,10,30.15,10,71,59,43,0,3358.2999999999997,47.3
37,Boston,2004,female,elite,10309.081081081082,62.54,0,46.15,29,10,30.27,5,100,85,57,0,6254,0
645,Boston,2004,female,competitive,12820.812403100776,62.54,0,46.15,29,10,30.27,5,100,85,57,0,6254,0
2721,Boston,2004,female,average,14591.36751194413,62.54,0,46.15,29,10,30.27,5,100,85,57,0,6254,0
1947,Boston,2004,female,recreational,16703.845403184365,62.54,0,46.15,29,10,30.27,5,100,85,57,0,6254,0
889,Boston,2004,female,slow,19535.22384701911,62.54,0,46.15,29,10,30.27,5,100,85,57,0,6254,0
115,Boston,2004,male,elite,9555.53043478261,62.54,0,46.15,29,10,30.27,5,100,85,57,0,6254,62.54
1194,Boston,2004,male,competitive,11432.981574539364,62.54,0,46.15,29,10,30.27,5,100,85,57,0,6254,62.54
3171,Boston,2004,male,average,13212.453800063053,62.54,0,46.15,29,10,30.27,5,100,85,57,0,6254,62.54
3440,Boston,2004,male,recreational,15193.813953488376,62.54,0,46.15,29,10,30.27,5,100,85,57,0,6254,62.54
2580,Boston,2004,male,slow,18208.52751937989,62.54,0,46.15,29,10,30.27,5,100,85,57,0,6254,62.54
84,Boston,2005,female,elite,10617.738095238095,55.74,0,30.17,13,10,30.05,9,51,58,39,0,3232.92,0
1558,Boston,2005,female,competitive,12834.13863928112,55.74,0,30.17,13,10,30.05,9,51,58,39,0,3232.92,0
3096,Boston,2005,female,average,14481.621124031,55.74,0,30.17,13,10,30.05,9,51,58,39,0,3232.92,0
1464,Boston,2005,female,recreational,16791.15642076502,55.74,0,30.17,13,10,30.05,9,51,58,39,0,3232.92,0
442,Boston,2005,female,slow,19230.434389140275,55.74,0,30.17,13,10,30.05,9,51,58,39,0,3232.92,0
267,Boston,2005,male,elite,9690.378277153555,55.74,0,30.17,13,10,30.05,9,51,58,39,0,3232.92,55.74
2468,Boston,2005,male,competitive,11482.93273905997,55.74,0,30.17,13,10,30.05,9,51,58,39,0,3232.92,55.74
4033,Boston,2005,male,average,13192.644185469895,55.74,0,30.17,13,10,30.05,9,51,58,39,0,3232.92,55.74
2612,Boston,2005,male,recreational,15248.793644716689,55.74,0,30.17,13,10,30.05,9,51,58,39,0,3232.92,55.74
1504,Boston,2005,male,slow,18055.321808510613,55.74,0,30.17,13,10,30.05,9,51,58,39,0,3232.92,55.74
87,Boston,2006,female,elite,10478.701149425287,47.44,0,35.24,16,10,29.81,6,39,34,30,0,1850.1599999999999,0
2233,Boston,2006,female,competitive,12678.880429914903,47.44,0,35.24,16,10,29.81,6,39,34,30,0,1850.1599999999999,0
3461,Boston,2006,female,average,14293.267552730424,47.44,0,35.24,16,10,29.81,6,39,34,30,0,1850.1599999999999,0
1393,Boston,2006,female,recreational,16580.95692749462,47.44,0,35.24,16,10,29.81,6,39,34,30,0,1850.1599999999999,0
444,Boston,2006,female,slow,19257.042792792796,47.44,0,35.24,16,10,29.81,6,39,34,30,0,1850.1599999999999,0
237,Boston,2006,male,elite,9420.54430379747,47.44,0,35.24,16,10,29.81,6,39,34,30,0,1850.1599999999999,47.44
2817,Boston,2006,male,competitive,11113.924032658852,47.44,0,35.24,16,10,29.81,6,39,34,30,0,1850.1599999999999,47.44
4673,Boston,2006,male,average,12726.150010699772,47.44,0,35.24,16,10,29.81,6,39,34,30,0,1850.1599999999999,47.44
2732,Boston,2006,male,recreational,14674.083821376264,47.44,0,35.24,16,10,29.81,6,39,34,30,0,1850.1599999999999,47.44
1595,Boston,2006,male,slow,17656.781191222555,47.44,0,35.24,16,10,29.81,6,39,34,30,0,1850.1599999999999,47.44
186,Boston,2007,female,elite,11047.854838709678,45.6,0,43.09,39,10,29.35,5,49,52,25,0,2371.2000000000003,0
2897,Boston,2007,female,competitive,13070.468760787016,45.6,0,43.09,39,10,29.35,5,49,52,25,0,2371.2000000000003,0
3191,Boston,2007,female,average,14814.268881228489,45.6,0,43.09,39,10,29.35,5,49,52,25,0,2371.2000000000003,0
1234,Boston,2007,female,recreational,17220.085899513768,45.6,0,43.09,39,10,29.35,5,49,52,25,0,2371.2000000000003,0
461,Boston,2007,female,slow,20232.65726681127,45.6,0,43.09,39,10,29.35,5,49,52,25,0,2371.2000000000003,0
493,Boston,2007,male,elite,9879.099391480728,45.6,0,43.09,39,10,29.35,5,49,52,25,0,2371.2000000000003,45.6
3818,Boston,2007,male,competitive,11642.639601885803,45.6,0,43.09,39,10,29.35,5,49,52,25,0,2371.2000000000003,45.6
4643,Boston,2007,male,average,13396.457893603285,45.6,0,43.09,39,10,29.35,5,49,52,25,0,2371.2000000000003,45.6
2157,Boston,2007,male,recreational,15544.932777005097,45.6,0,43.09,39,10,29.35,5,49,52,25,0,2371.2000000000003,45.6
1242,Boston,2007,male,slow,18628.97987117554,45.6,0,43.09,39,10,29.35,5,49,52,25,0,2371.2000000000003,45.6
146,Boston,2008,female,elite,10797.027397260274,47.85,0,42.74,13,10,30.38,7,49,56,36,0,2679.6,0
2846,Boston,2008,female,competitive,12766.22522839073,47.85,0,42.74,13,10,30.38,7,49,56,36,0,2679.6,0
3794,Boston,2008,female,average,14443.193990511318,47.85,0,42.74,13,10,30.38,7,49,56,36,0,2679.6,0
1586,Boston,2008,female,recreational,16782.65384615383,47.85,0,42.74,13,10,30.38,7,49,56,36,0,2679.6,0
558,Boston,2008,female,slow,19738.358422939054,47.85,0,42.74,13,10,30.38,7,49,56,36,0,2679.6,0
300,Boston,2008,male,elite,9430.663333333336,47.85,0,42.74,13,10,30.38,7,49,56,36,0,2679.6,47.85
3199,Boston,2008,male,competitive,11157.477336667707,47.85,0,42.74,13,10,30.38,7,49,56,36,0,2679.6,47.85
4888,Boston,2008,male,average,12795.312806873972,47.85,0,42.74,13,10,30.38,7,49,56,36,0,2679.6,47.85
2916,Boston,2008,male,recreational,14755.17798353911,47.85,0,42.74,13,10,30.38,7,49,56,36,0,2679.6,47.85
1719,Boston,2008,male,slow,17871.733566026738,47.85,0,42.74,13,10,30.38,7,49,56,36,0,2679.6,47.85
385,Boston,2009,female,elite,11283.233766233769,43.56,0,37.88,20,10,30.29,5,47,45,36,0,2047.3200000000002,0
4467,Boston,2009,female,competitive,13199.8860532796,43.56,0,37.88,20,10,30.29,5,47,45,36,0,2047.3200000000002,0
3068,Boston,2009,female,average,15051.7809647979,43.56,0,37.88,20,10,30.29,5,47,45,36,0,2047.3200000000002,0
1047,Boston,2009,female,recreational,17519.901623686732,43.56,0,37.88,20,10,30.29,5,47,45,36,0,2047.3200000000002,0
333,Boston,2009,female,slow,20372.249249249253,43.56,0,37.88,20,10,30.29,5,47,45,36,0,2047.3200000000002,0
334,Boston,2009,male,elite,9487.419161676647,43.56,0,37.88,20,10,30.29,5,47,45,36,0,2047.3200000000002,43.56
3758,Boston,2009,male,competitive,11205.279670037256,43.56,0,37.88,20,10,30.29,5,47,45,36,0,2047.3200000000002,43.56
5158,Boston,2009,male,average,12855.070569988378,43.56,0,37.88,20,10,30.29,5,47,45,36,0,2047.3200000000002,43.56
2771,Boston,2009,male,recreational,14846.398412125614,43.56,0,37.88,20,10,30.29,5,47,45,36,0,2047.3200000000002,43.56
1518,Boston,2009,male,slow,17965.415019762866,43.56,0,37.88,20,10,30.29,5,47,45,36,0,2047.3200000000002,43.56
210,Boston,2010,female,elite,10767.75238095238,50.39,0,31.78,18,10,29.91,3,40,39,29,0,2015.6,0
3369,Boston,2010,female,competitive,12805.45087563075,50.39,0,31.78,18,10,29.91,3,40,39,29,0,2015.6,0
3880,Boston,2010,female,average,14495.985824742293,50.39,0,31.78,18,10,29.91,3,40,39,29,0,2015.6,0
1545,Boston,2010,female,recreational,16824.79611650484,50.39,0,31.78,18,10,29.91,3,40,39,29,0,2015.6,0
466,Boston,2010,female,slow,19803.84334763949,50.39,0,31.78,18,10,29.91,3,40,39,29,0,2015.6,0
269,Boston,2010,male,elite,9255.453531598512,50.39,0,31.78,18,10,29.91,3,40,39,29,0,2015.6,50.39
2961,Boston,2010,male,competitive,11013.944275582577,50.39,0,31.78,18,10,29.91,3,40,39,29,0,2015.6,50.39
5087,Boston,2010,male,average,12614.484568507973,50.39,0,31.78,18,10,29.91,3,40,39,29,0,2015.6,50.39
3032,Boston,2010,male,recreational,14522.83608179418,50.39,0,31.78,18,10,29.91,3,40,39,29,0,2015.6,50.39
1724,Boston,2010,male,slow,17713.63921113692,50.39,0,31.78,18,10,29.91,3,40,39,29,0,2015.6,50.39
157,Boston,2011,female,elite,10412,52.58,0,27.67,25,10,30,5,47,53,20,0,2786.74,0
2725,Boston,2011,female,competitive,12557.815045871565,52.58,0,27.67,25,10,30,5,47,53,20,0,2786.74,0
4657,Boston,2011,female,average,14200.613485076228,52.58,0,27.67,25,10,30,5,47,53,20,0,2786.74,0
1857,Boston,2011,female,recreational,16434.245018847603,52.58,0,27.67,25,10,30,5,47,53,20,0,2786.74,0
677,Boston,2011,female,slow,19502.190546528807,52.58,0,27.67,25,10,30,5,47,53,20,0,2786.74,0
193,Boston,2011,male,elite,9014.735751295337,52.58,0,27.67,25,10,30,5,47,53,20,0,2786.74,52.58
2636,Boston,2011,male,competitive,10793.381259484066,52.58,0,27.67,25,10,30,5,47,53,20,0,2786.74,52.58
5178,Boston,2011,male,average,12339.071069911177,52.58,0,27.67,25,10,30,5,47,53,20,0,2786.74,52.58
3540,Boston,2011,male,recreational,14212.886440677996,52.58,0,27.67,25,10,30,5,47,53,20,0,2786.74,52.58
2264,Boston,2011,male,slow,17382.03710247352,52.58,0,27.67,25,10,30,5,47,53,20,0,2786.74,52.58
117,Boston,2012,female,elite,11132.478632478633,71.09,0,55.43,18,10,29.98,3,100,73,31,0,7109,0
1866,Boston,2012,female,competitive,13301.280814576618,71.09,0,55.43,18,10,29.98,3,100,73,31,0,7109,0
3538,Boston,2012,female,average,15233.726964386666,71.09,0,55.43,18,10,29.98,3,100,73,31,0,7109,0
2162,Boston,2012,female,recreational,17556.067530064778,71.09,0,55.43,18,10,29.98,3,100,73,31,0,7109,0
1284,Boston,2012,female,slow,21181.72897196263,71.09,0,55.43,18,10,29.98,3,100,73,31,0,7109,0
252,Boston,2012,male,elite,9764.61904761905,71.09,0,55.43,18,10,29.98,3,100,73,31,0,7109,71.09
1951,Boston,2012,male,competitive,11564.822655048696,71.09,0,55.43,18,10,29.98,3,100,73,31,0,7109,71.09
3851,Boston,2012,male,average,13389.991690469997,71.09,0,55.43,18,10,29.98,3,100,73,31,0,7109,71.09
3415,Boston,2012,male,recreational,15422.919180087836,71.09,0,55.43,18,10,29.98,3,100,73,31,0,7109,71.09
3117,Boston,2012,male,slow,19188.838626884797,71.09,0,55.43,18,10,29.98,3,100,73,31,0,7109,71.09
137,Boston,2014,female,elite,10148.211678832118,51.38,0,32.21,15,10,30.31,7,74,54,34,0,3802.1200000000003,0
2762,Boston,2014,female,competitive,12240.452208544531,51.38,0,32.21,15,10,30.31,7,74,54,34,0,3802.1200000000003,0
5152,Boston,2014,female,average,13877.890527950269,51.38,0,32.21,15,10,30.31,7,74,54,34,0,3802.1200000000003,0
3372,Boston,2014,female,recreational,16139.44395017791,51.38,0,32.21,15,10,30.31,7,74,54,34,0,3802.1200000000003,0
2861,Boston,2014,female,slow,19797.39951066057,51.38,0,32.21,15,10,30.31,7,74,54,34,0,3802.1200000000003,0
684,Boston,2014,male,elite,9529.519005847957,51.38,0,32.21,15,10,30.31,7,74,54,34,0,3802.1200000000003,51.38
4729,Boston,2014,male,competitive,11100.978008035509,51.38,0,32.21,15,10,30.31,7,74,54,34,0,3802.1200000000003,51.38
4731,Boston,2014,male,average,12851.39230606638,51.38,0,32.21,15,10,30.31,7,74,54,34,0,3802.1200000000003,51.38
3423,Boston,2014,male,recreational,14941.31960268768,51.38,0,32.21,15,10,30.31,7,74,54,34,0,3802.1200000000003,51.38
3958,Boston,2014,male,slow,18729.273117736106,51.38,0,32.21,15,10,30.31,7,74,54,34,0,3802.1200000000003,51.38
348,Boston,2015,female,elite,10770.652298850577,44.74,0,42.4,22,10,30.23,2,42,43,25,0,1923.8200000000002,0
4761,Boston,2015,female,competitive,12639.213610586012,44.74,0,42.4,22,10,30.23,2,42,43,25,0,1923.8200000000002,0
4306,Boston,2015,female,average,14361.855550394808,44.74,0,42.4,22,10,30.23,2,42,43,25,0,1923.8200000000002,0
1773,Boston,2015,female,recreational,16739.018048505375,44.74,0,42.4,22,10,30.23,2,42,43,25,0,1923.8200000000002,0
829,Boston,2015,female,slow,19804.406513872123,44.74,0,42.4,22,10,30.23,2,42,43,25,0,1923.8200000000002,0
709,Boston,2015,male,elite,9615.341325811009,44.74,0,42.4,22,10,30.23,2,42,43,25,0,1923.8200000000002,44.74
5296,Boston,2015,male,competitive,11105.950151057368,44.74,0,42.4,22,10,30.23,2,42,43,25,0,1923.8200000000002,44.74
4593,Boston,2015,male,average,12890.075114304336,44.74,0,42.4,22,10,30.23,2,42,43,25,0,1923.8200000000002,44.74
2449,Boston,2015,male,recreational,14957.797060024515,44.74,0,42.4,22,10,30.23,2,42,43,25,0,1923.8200000000002,44.74
1534,Boston,2015,male,slow,18264.422425032593,44.74,0,42.4,22,10,30.23,2,42,43,25,0,1923.8200000000002,44.74
384,Boston,2016,female,elite,11097.325520833334,50.96,0,34.21,20,10,30.21,5,54,55,40,0,2802.8,0
4741,Boston,2016,female,competitive,12983.890951276131,50.96,0,34.21,20,10,30.21,5,54,55,40,0,2802.8,0
4301,Boston,2016,female,average,14824.544524529172,50.96,0,34.21,20,10,30.21,5,54,55,40,0,2802.8,0
1858,Boston,2016,female,recreational,17267.90365984929,50.96,0,34.21,20,10,30.21,5,54,55,40,0,2802.8,0
883,Boston,2016,female,slow,20214.998867497154,50.96,0,34.21,20,10,30.21,5,54,55,40,0,2802.8,0
646,Boston,2016,male,elite,9905.05572755418,50.96,0,34.21,20,10,30.21,5,54,55,40,0,2802.8,50.96
4631,Boston,2016,male,competitive,11479.4729000216,50.96,0,34.21,20,10,30.21,5,54,55,40,0,2802.8,50.96
4841,Boston,2016,male,average,13263.489568271048,50.96,0,34.21,20,10,30.21,5,54,55,40,0,2802.8,50.96
2611,Boston,2016,male,recreational,15380.972424358488,50.96,0,34.21,20,10,30.21,5,54,55,40,0,2802.8,50.96
1734,Boston,2016,male,slow,18518.679930795868,50.96,0,34.21,20,10,30.21,5,54,55,40,0,2802.8,50.96
140,Boston,2017,female,elite,10421.278571428573,65.87,0,43.09,22,10,30.12,3,46,52,18,0,3425.2400000000002,0
2555,Boston,2017,female,competitive,12469.7733855186,65.87,0,43.09,22,10,30.12,3,46,52,18,0,3425.2400000000002,0
4974,Boston,2017,female,average,14180.892641737004,65.87,0,43.09,22,10,30.12,3,46,52,18,0,3425.2400000000002,0
2842,Boston,2017,female,recreational,16390.89338494016,65.87,0,43.09,22,10,30.12,3,46,52,18,0,3425.2400000000002,0
1461,Boston,2017,female,slow,19499.888432580447,65.87,0,43.09,22,10,30.12,3,46,52,18,0,3425.2400000000002,0
455,Boston,2017,male,elite,9610.435164835166,65.87,0,43.09,22,10,30.12,3,46,52,18,0,3425.2400000000002,65.87
3683,Boston,2017,male,competitive,11237.498778169966,65.87,0,43.09,22,10,30.12,3,46,52,18,0,3425.2400000000002,65.87
4743,Boston,2017,male,average,12996.74151380983,65.87,0,43.09,22,10,30.12,3,46,52,18,0,3425.2400000000002,65.87
3260,Boston,2017,male,recreational,15004.626380368076,65.87,0,43.09,22,10,30.12,3,46,52,18,0,3425.2400000000002,65.87
2297,Boston,2017,male,slow,18277.034392686128,65.87,0,43.09,22,10,30.12,3,46,52,18,0,3425.2400000000002,65.87
1591,Boston,2018,female,elite,11859.047768698929,43.18,0.15,42.32,31,10,30.37,2,43,46,21,1,1986.28,0
5383,Boston,2018,female,competitive,13637.76054244848,43.18,0.15,42.32,31,10,30.37,2,43,46,21,1,1986.28,0
2650,Boston,2018,female,average,15884.335471698125,43.18,0.15,42.32,31,10,30.37,2,43,46,21,1,1986.28,0
1507,Boston,2018,female,recreational,18585.252820172533,43.18,0.15,42.32,31,10,30.37,2,43,46,21,1,1986.28,0
615,Boston,2018,female,slow,21729.695934959356,43.18,0.15,42.32,31,10,30.37,2,43,46,21,1,1986.28,0
1207,Boston,2018,male,elite,10131.167357083685,43.18,0.15,42.32,31,10,30.37,2,43,46,21,1,1986.28,43.18
5015,Boston,2018,male,competitive,11651.267198404808,43.18,0.15,42.32,31,10,30.37,2,43,46,21,1,1986.28,43.18
3889,Boston,2018,male,average,13566.354332733368,43.18,0.15,42.32,31,10,30.37,2,43,46,21,1,1986.28,43.18
2228,Boston,2018,male,recreational,15750.770646319555,43.18,0.15,42.32,31,10,30.37,2,43,46,21,1,1986.28,43.18
1911,Boston,2018,male,slow,19323.660910518025,43.18,0.15,42.32,31,10,30.37,2,43,46,21,1,1986.28,43.18
327,Boston,2019,female,elite,10589.079510703365,55.82,0.61,49.26,26,10,29.56,3,47,29,35,1,2623.54,0
3632,Boston,2019,female,competitive,12509.979074889843,55.82,0.61,49.26,26,10,29.56,3,47,29,35,1,2623.54,0
4340,Boston,2019,female,average,14307.148156682026,55.82,0.61,49.26,26,10,29.56,3,47,29,35,1,2623.54,0
2345,Boston,2019,female,recreational,16606.17356076761,55.82,0.61,49.26,26,10,29.56,3,47,29,35,1,2623.54,0
1337,Boston,2019,female,slow,19750.818997756196,55.82,0.61,49.26,26,10,29.56,3,47,29,35,1,2623.54,0
679,Boston,2019,male,elite,9468.804123711345,55.82,0.61,49.26,26,10,29.56,3,47,29,35,1,2623.54,55.82
4539,Boston,2019,male,competitive,11013.354483366396,55.82,0.61,49.26,26,10,29.56,3,47,29,35,1,2623.54,55.82
4199,Boston,2019,male,average,12785.01047868542,55.82,0.61,49.26,26,10,29.56,3,47,29,35,1,2623.54,55.82
2815,Boston,2019,male,recreational,14864.325399644737,55.82,0.61,49.26,26,10,29.56,3,47,29,35,1,2623.54,55.82
2434,Boston,2019,male,slow,18201.754313886584,55.82,0.61,49.26,26,10,29.56,3,47,29,35,1,2623.54,55.82
48,Chicago,1996,female,elite,10726.541666666666,47.95,0,30.27,12,20,29.35,52,34,65,57,0,2733.15,0
444,Chicago,1996,female,competitive,13191.3536036036,47.95,0,30.27,12,20,29.35,52,34,65,57,0,2733.15,0
1030,Chicago,1996,female,average,15193.414563106797,47.95,0,30.27,12,20,29.35,52,34,65,57,0,2733.15,0
786,Chicago,1996,female,recreational,17367.419847328245,47.95,0,30.27,12,20,29.35,52,34,65,57,0,2733.15,0
260,Chicago,1996,female,slow,20328.623076923075,47.95,0,30.27,12,20,29.35,52,34,65,57,0,2733.15,0
104,Chicago,1996,male,elite,9278.48076923077,47.95,0,30.27,12,20,29.35,52,34,65,57,0,2733.15,47.95
719,Chicago,1996,male,competitive,11221.159944367171,47.95,0,30.27,12,20,29.35,52,34,65,57,0,2733.15,47.95
1620,Chicago,1996,male,average,13002.46172839506,47.95,0,30.27,12,20,29.35,52,34,65,57,0,2733.15,47.95
1910,Chicago,1996,male,recreational,14974.053926701585,47.95,0,30.27,12,20,29.35,52,34,65,57,0,2733.15,47.95
1273,Chicago,1996,male,slow,17751.617439120186,47.95,0,30.27,12,20,29.35,52,34,65,57,0,2733.15,47.95
76,Chicago,1997,female,elite,10755,51.64,0,39.64,18,10,29.39,39,38,66,52,0,3408.2400000000002,0
813,Chicago,1997,female,competitive,13051.505535055348,51.64,0,39.64,18,10,29.39,39,38,66,52,0,3408.2400000000002,0
1690,Chicago,1997,female,average,15028.033727810644,51.64,0,39.64,18,10,29.39,39,38,66,52,0,3408.2400000000002,0
1587,Chicago,1997,female,recreational,17275.339634530574,51.64,0,39.64,18,10,29.39,39,38,66,52,0,3408.2400000000002,0
630,Chicago,1997,female,slow,20900.173015873024,51.64,0,39.64,18,10,29.39,39,38,66,52,0,3408.2400000000002,0
160,Chicago,1997,male,elite,9223.73125,51.64,0,39.64,18,10,29.39,39,38,66,52,0,3408.2400000000002,51.64
1134,Chicago,1997,male,competitive,11071.37566137566,51.64,0,39.64,18,10,29.39,39,38,66,52,0,3408.2400000000002,51.64
2666,Chicago,1997,male,average,12820.63465866468,51.64,0,39.64,18,10,29.39,39,38,66,52,0,3408.2400000000002,51.64
3222,Chicago,1997,male,recreational,14782.09962756054,51.64,0,39.64,18,10,29.39,39,38,66,52,0,3408.2400000000002,51.64
2408,Chicago,1997,male,slow,17784.401162790706,51.64,0,39.64,18,10,29.39,39,38,66,52,0,3408.2400000000002,51.64
69,Chicago,1998,female,elite,10262.289855072464,58.17,0,49.78,10,10,29.58,56,61,92,57,0,5351.64,0
632,Chicago,1998,female,competitive,12700.03164556962,58.17,0,49.78,10,10,29.58,56,61,92,57,0,5351.64,0
1778,Chicago,1998,female,average,14554.59561304838,58.17,0,49.78,10,10,29.58,56,61,92,57,0,5351.64,0
2422,Chicago,1998,female,recreational,16746.191164327,58.17,0,49.78,10,10,29.58,56,61,92,57,0,5351.64,0
1354,Chicago,1998,female,slow,20511.98670605612,58.17,0,49.78,10,10,29.58,56,61,92,57,0,5351.64,0
160,Chicago,1998,male,elite,9170.3875,58.17,0,49.78,10,10,29.58,56,61,92,57,0,5351.64,58.17
1041,Chicago,1998,male,competitive,11091.490874159455,58.17,0,49.78,10,10,29.58,56,61,92,57,0,5351.64,58.17
2596,Chicago,1998,male,average,12849.631741140218,58.17,0,49.78,10,10,29.58,56,61,92,57,0,5351.64,58.17
3770,Chicago,1998,male,recreational,14779.253315649868,58.17,0,49.78,10,10,29.58,56,61,92,57,0,5351.64,58.17
3379,Chicago,1998,male,slow,17837.842556969536,58.17,0,49.78,10,10,29.58,56,61,92,57,0,5351.64,58.17
143,Chicago,1999,female,elite,10487.83216783217,29.58,0,21.83,14,10,29.63,16,31,76,47,0,2248.08,0
1226,Chicago,1999,female,competitive,12806.258564437196,29.58,0,21.83,14,10,29.63,16,31,76,47,0,2248.08,0
2755,Chicago,1999,female,average,14729.02577132486,29.58,0,21.83,14,10,29.63,16,31,76,47,0,2248.08,0
3364,Chicago,1999,female,recreational,16950.48781212842,29.58,0,21.83,14,10,29.63,16,31,76,47,0,2248.08,0
1850,Chicago,1999,female,slow,20808.06270270277,29.58,0,21.83,14,10,29.63,16,31,76,47,0,2248.08,0
222,Chicago,1999,male,elite,9060.288288288291,29.58,0,21.83,14,10,29.63,16,31,76,47,0,2248.08,29.58
1619,Chicago,1999,male,competitive,10963.666460778251,29.58,0,21.83,14,10,29.63,16,31,76,47,0,2248.08,29.58
3580,Chicago,1999,male,average,12708.183519553097,29.58,0,21.83,14,10,29.63,16,31,76,47,0,2248.08,29.58
5216,Chicago,1999,male,recreational,14628.322661042968,29.58,0,21.83,14,10,29.63,16,31,76,47,0,2248.08,29.58
4650,Chicago,1999,male,slow,17803.368172043018,29.58,0,21.83,14,10,29.63,16,31,76,47,0,2248.08,29.58
49,Chicago,2000,female,elite,10118.65306122449,59.83,0,51.39,9,10,29.72,36,31,93,64,0,5564.19,0
761,Chicago,2000,female,competitive,12526.67017082786,59.83,0,51.39,9,10,29.72,36,31,93,64,0,5564.19,0
2631,Chicago,2000,female,average,14306.812998859752,59.83,0,51.39,9,10,29.72,36,31,93,64,0,5564.19,0
4246,Chicago,2000,female,recreational,16516.036269430035,59.83,0,51.39,9,10,29.72,36,31,93,64,0,5564.19,0
3401,Chicago,2000,female,slow,20221.861805351324,59.83,0,51.39,9,10,29.72,36,31,93,64,0,5564.19,0
178,Chicago,2000,male,elite,9282.516853932586,59.83,0,51.39,9,10,29.72,36,31,93,64,0,5564.19,59.83
1656,Chicago,2000,male,competitive,11074.835748792268,59.83,0,51.39,9,10,29.72,36,31,93,64,0,5564.19,59.83
3825,Chicago,2000,male,average,12860.172810457503,59.83,0,51.39,9,10,29.72,36,31,93,64,0,5564.19,59.83
5797,Chicago,2000,male,recreational,14796.094876660336,59.83,0,51.39,9,10,29.72,36,31,93,64,0,5564.19,59.83
5367,Chicago,2000,male,slow,18065.043599776374,59.83,0,51.39,9,10,29.72,36,31,93,64,0,5564.19,59.83
40,Chicago,2001,female,elite,10126.25,44.48,0,24.35,10,10,29.71,39,37,65,44,0,2891.2,0
595,Chicago,2001,female,competitive,12262.32773109244,44.48,0,24.35,10,10,29.71,39,37,65,44,0,2891.2,0
2636,Chicago,2001,female,average,14049.834218512911,44.48,0,24.35,10,10,29.71,39,37,65,44,0,2891.2,0
4396,Chicago,2001,female,recreational,16230.00409463148,44.48,0,24.35,10,10,29.71,39,37,65,44,0,2891.2,0
3701,Chicago,2001,female,slow,19479.880032423687,44.48,0,24.35,10,10,29.71,39,37,65,44,0,2891.2,0
232,Chicago,2001,male,elite,9390.551724137931,44.48,0,24.35,10,10,29.71,39,37,65,44,0,2891.2,44.48
1952,Chicago,2001,male,competitive,11211.777151639348,44.48,0,24.35,10,10,29.71,39,37,65,44,0,2891.2,44.48
4362,Chicago,2001,male,average,13041.951856946363,44.48,0,24.35,10,10,29.71,39,37,65,44,0,2891.2,44.48
5794,Chicago,2001,male,recreational,15000.601139109454,44.48,0,24.35,10,10,29.71,39,37,65,44,0,2891.2,44.48
4964,Chicago,2001,male,slow,18204.24758259465,44.48,0,24.35,10,10,29.71,39,37,65,44,0,2891.2,44.48
65,Chicago,2002,female,elite,10020.307692307691,45.04,0,25.87,16,10,29.77,27,31,84,46,0,3783.36,0
607,Chicago,2002,female,competitive,12081.591433278416,45.04,0,25.87,16,10,29.77,27,31,84,46,0,3783.36,0
2954,Chicago,2002,female,average,13901.70412999324,45.04,0,25.87,16,10,29.77,27,31,84,46,0,3783.36,0
4751,Chicago,2002,female,recreational,16097.246684908452,45.04,0,25.87,16,10,29.77,27,31,84,46,0,3783.36,0
4609,Chicago,2002,female,slow,19444.16511173797,45.04,0,25.87,16,10,29.77,27,31,84,46,0,3783.36,0
248,Chicago,2002,male,elite,9152.435483870966,45.04,0,25.87,16,10,29.77,27,31,84,46,0,3783.36,45.04
1716,Chicago,2002,male,competitive,11012.101398601411,45.04,0,25.87,16,10,29.77,27,31,84,46,0,3783.36,45.04
4151,Chicago,2002,male,average,12744.54492893278,45.04,0,25.87,16,10,29.77,27,31,84,46,0,3783.36,45.04
6002,Chicago,2002,male,recreational,14669.194268577134,45.04,0,25.87,16,10,29.77,27,31,84,46,0,3783.36,45.04
6020,Chicago,2002,male,slow,17932.014950166104,45.04,0,25.87,16,10,29.77,27,31,84,46,0,3783.36,45.04
134,Chicago,2003,female,elite,10417.373134328358,58.58,0,41.38,16,10,29.39,18,35,61,45,0,3573.38,0
985,Chicago,2003,female,competitive,12628.415228426396,58.58,0,41.38,16,10,29.39,18,35,61,45,0,3573.38,0
3163,Chicago,2003,female,average,14492.428390768271,58.58,0,41.38,16,10,29.39,18,35,61,45,0,3573.38,0
5193,Chicago,2003,female,recreational,16724.96379741963,58.58,0,41.38,16,10,29.39,18,35,61,45,0,3573.38,0
4197,Chicago,2003,female,slow,20176.34834405522,58.58,0,41.38,16,10,29.39,18,35,61,45,0,3573.38,0
266,Chicago,2003,male,elite,9105.556390977445,58.58,0,41.38,16,10,29.39,18,35,61,45,0,3573.38,58.58
1518,Chicago,2003,male,competitive,10991.600790513834,58.58,0,41.38,16,10,29.39,18,35,61,45,0,3573.38,58.58
3818,Chicago,2003,male,average,12739.191723415406,58.58,0,41.38,16,10,29.39,18,35,61,45,0,3573.38,58.58
5942,Chicago,2003,male,recreational,14674.587512621987,58.58,0,41.38,16,10,29.39,18,35,61,45,0,3573.38,58.58
7146,Chicago,2003,male,slow,18062.32409739714,58.58,0,41.38,16,10,29.39,18,35,61,45,0,3573.38,58.58
78,Chicago,2004,female,elite,10470.089743589744,54.7,0,42.65,16,10,29.63,42,35,52,43,0,2844.4,0
1083,Chicago,2004,female,competitive,12677.134810710982,54.7,0,42.65,16,10,29.63,42,35,52,43,0,2844.4,0
3337,Chicago,2004,female,average,14545.49655379082,54.7,0,42.65,16,10,29.63,42,35,52,43,0,2844.4,0
5276,Chicago,2004,female,recreational,16793.11277482944,54.7,0,42.65,16,10,29.63,42,35,52,43,0,2844.4,0
4204,Chicago,2004,female,slow,20327.449096098902,54.7,0,42.65,16,10,29.63,42,35,52,43,0,2844.4,0
166,Chicago,2004,male,elite,9232.96987951807,54.7,0,42.65,16,10,29.63,42,35,52,43,0,2844.4,54.7
1471,Chicago,2004,male,competitive,11064.18014955813,54.7,0,42.65,16,10,29.63,42,35,52,43,0,2844.4,54.7
3970,Chicago,2004,male,average,12781.93198992443,54.7,0,42.65,16,10,29.63,42,35,52,43,0,2844.4,54.7
6134,Chicago,2004,male,recreational,14728.46755787419,54.7,0,42.65,16,10,29.63,42,35,52,43,0,2844.4,54.7
7365,Chicago,2004,male,slow,18162.876306856593,54.7,0,42.65,16,10,29.63,42,35,52,43,0,2844.4,54.7
62,Chicago,2005,female,elite,10317.693548387097,53.5,0,42.46,18,10,29.45,8,35,49,38,0,2621.5,0
955,Chicago,2005,female,competitive,12502.117277486906,53.5,0,42.46,18,10,29.45,8,35,49,38,0,2621.5,0
3204,Chicago,2005,female,average,14283.592696629205,53.5,0,42.46,18,10,29.45,8,35,49,38,0,2621.5,0
5411,Chicago,2005,female,recreational,16519.568656440577,53.5,0,42.46,18,10,29.45,8,35,49,38,0,2621.5,0
4634,Chicago,2005,female,slow,20068.959646094056,53.5,0,42.46,18,10,29.45,8,35,49,38,0,2621.5,0
192,Chicago,2005,male,elite,9258.479166666668,53.5,0,42.46,18,10,29.45,8,35,49,38,0,2621.5,53.5
1519,Chicago,2005,male,competitive,11107.84068466096,53.5,0,42.46,18,10,29.45,8,35,49,38,0,2621.5,53.5
4094,Chicago,2005,male,average,12867.844406448465,53.5,0,42.46,18,10,29.45,8,35,49,38,0,2621.5,53.5
5915,Chicago,2005,male,recreational,14805.385798816566,53.5,0,42.46,18,10,29.45,8,35,49,38,0,2621.5,53.5
6882,Chicago,2005,male,slow,18255.306596919538,53.5,0,42.46,18,10,29.45,8,35,49,38,0,2621.5,53.5
134,Chicago,2006,female,elite,10227.31343283582,42,0,32.27,18,10,29.41,8,26,63,32,0,2646,0
973,Chicago,2006,female,competitive,12397.56115107914,42,0,32.27,18,10,29.41,8,26,63,32,0,2646,0
3357,Chicago,2006,female,average,14215.49508489721,42,0,32.27,18,10,29.41,8,26,63,32,0,2646,0
5167,Chicago,2006,female,recreational,16459.860654151376,42,0,32.27,18,10,29.41,8,26,63,32,0,2646,0
5094,Chicago,2006,female,slow,20072.77306635256,42,0,32.27,18,10,29.41,8,26,63,32,0,2646,0
359,Chicago,2006,male,elite,9192.788300835651,42,0,32.27,18,10,29.41,8,26,63,32,0,2646,42
1810,Chicago,2006,male,competitive,11132.093370165749,42,0,32.27,18,10,29.41,8,26,63,32,0,2646,42
4354,Chicago,2006,male,average,12900.014239779515,42,0,32.27,18,10,29.41,8,26,63,32,0,2646,42
5848,Chicago,2006,male,recreational,14849.196135430904,42,0,32.27,18,10,29.41,8,26,63,32,0,2646,42
6540,Chicago,2006,male,slow,18361.54281345563,42,0,32.27,18,10,29.41,8,26,63,32,0,2646,42
89,Chicago,2007,female,elite,11151.213483146068,79.35,0,65.22,10,10,29.41,14,77,73,54,0,6109.95,0
734,Chicago,2007,female,competitive,13482.561307901911,79.35,0,65.22,10,10,29.41,14,77,73,54,0,6109.95,0
2164,Chicago,2007,female,average,15579.784658040677,79.35,0,65.22,10,10,29.41,14,77,73,54,0,6109.95,0
3720,Chicago,2007,female,recreational,18027.237365591427,79.35,0,65.22,10,10,29.41,14,77,73,54,0,6109.95,0
3477,Chicago,2007,female,slow,20892.483750359457,79.35,0,65.22,10,10,29.41,14,77,73,54,0,6109.95,0
103,Chicago,2007,male,elite,9512.834951456312,79.35,0,65.22,10,10,29.41,14,77,73,54,0,6109.95,79.35
569,Chicago,2007,male,competitive,11460.207381370828,79.35,0,65.22,10,10,29.41,14,77,73,54,0,6109.95,79.35
1720,Chicago,2007,male,average,13318.242441860466,79.35,0,65.22,10,10,29.41,14,77,73,54,0,6109.95,79.35
3713,Chicago,2007,male,recreational,15403.173444653956,79.35,0,65.22,10,10,29.41,14,77,73,54,0,6109.95,79.35
9232,Chicago,2007,male,slow,19212.936633448873,79.35,0,65.22,10,10,29.41,14,77,73,54,0,6109.95,79.35
88,Chicago,2008,female,elite,10722.977272727272,72.61,0,55.43,13,10,29.65,19,71,75,54,0,5445.75,0
822,Chicago,2008,female,competitive,12930.978102189783,72.61,0,55.43,13,10,29.65,19,71,75,54,0,5445.75,0
2578,Chicago,2008,female,average,14909.55896043444,72.61,0,55.43,13,10,29.65,19,71,75,54,0,5445.75,0
4639,Chicago,2008,female,recreational,17239.407415391244,72.61,0,55.43,13,10,29.65,19,71,75,54,0,5445.75,0
5539,Chicago,2008,female,slow,21019.836974183036,72.61,0,55.43,13,10,29.65,19,71,75,54,0,5445.75,0
123,Chicago,2008,male,elite,9263.032520325203,72.61,0,55.43,13,10,29.65,19,71,75,54,0,5445.75,72.61
809,Chicago,2008,male,competitive,11061.964153275649,72.61,0,55.43,13,10,29.65,19,71,75,54,0,5445.75,72.61
2371,Chicago,2008,male,average,12817.30451286377,72.61,0,55.43,13,10,29.65,19,71,75,54,0,5445.75,72.61
4619,Chicago,2008,male,recreational,14820.74583243123,72.61,0,55.43,13,10,29.65,19,71,75,54,0,5445.75,72.61
9757,Chicago,2008,male,slow,18810.261248334667,72.61,0,55.43,13,10,29.65,19,71,75,54,0,5445.75,72.61
147,Chicago,2009,female,elite,10746.74149659864,38.3,0,22.45,9,10,29.76,7,28,52,29,0,1991.6,0
1537,Chicago,2009,female,competitive,12876.89525048797,38.3,0,22.45,9,10,29.76,7,28,52,29,0,1991.6,0
3822,Chicago,2009,female,average,14782.400313971728,38.3,0,22.45,9,10,29.76,7,28,52,29,0,1991.6,0
4965,Chicago,2009,female,recreational,17080.41289023162,38.3,0,22.45,9,10,29.76,7,28,52,29,0,1991.6,0
4150,Chicago,2009,female,slow,20699.726265060235,38.3,0,22.45,9,10,29.76,7,28,52,29,0,1991.6,0
210,Chicago,2009,male,elite,9131.433333333332,38.3,0,22.45,9,10,29.76,7,28,52,29,0,1991.6,38.3
1514,Chicago,2009,male,competitive,11005.152575957733,38.3,0,22.45,9,10,29.76,7,28,52,29,0,1991.6,38.3
3897,Chicago,2009,male,average,12690.563253784954,38.3,0,22.45,9,10,29.76,7,28,52,29,0,1991.6,38.3
5774,Chicago,2009,male,recreational,14624.988049878788,38.3,0,22.45,9,10,29.76,7,28,52,29,0,1991.6,38.3
7553,Chicago,2009,male,slow,18399.029392294386,38.3,0,22.45,9,10,29.76,7,28,52,29,0,1991.6,38.3
140,Chicago,2010,female,elite,10350.95,71.57,0,49.96,12,10,29.29,16,87,87,66,0,6226.589999999999,0
819,Chicago,2010,female,competitive,12637.982905982906,71.57,0,49.96,12,10,29.29,16,87,87,66,0,6226.589999999999,0
2733,Chicago,2010,female,average,14528.07647274058,71.57,0,49.96,12,10,29.29,16,87,87,66,0,6226.589999999999,0
5230,Chicago,2010,female,recreational,16853.873422562137,71.57,0,49.96,12,10,29.29,16,87,87,66,0,6226.589999999999,0
7218,Chicago,2010,female,slow,20757.3525907454,71.57,0,49.96,12,10,29.29,16,87,87,66,0,6226.589999999999,0
203,Chicago,2010,male,elite,9172.029556650246,71.57,0,49.96,12,10,29.29,16,87,87,66,0,6226.589999999999,71.57
1174,Chicago,2010,male,competitive,11017.551959114136,71.57,0,49.96,12,10,29.29,16,87,87,66,0,6226.589999999999,71.57
2990,Chicago,2010,male,average,12791.909030100338,71.57,0,49.96,12,10,29.29,16,87,87,66,0,6226.589999999999,71.57
5283,Chicago,2010,male,recreational,14800.798031421553,71.57,0,49.96,12,10,29.29,16,87,87,66,0,6226.589999999999,71.57
10296,Chicago,2010,male,slow,18849.71037296053,71.57,0,49.96,12,10,29.29,16,87,87,66,0,6226.589999999999,71.57
123,Chicago,2011,female,elite,10418.170731707318,68.04,0,50,12,10,29.67,16,77,85,56,0,5783.4000000000005,0
708,Chicago,2011,female,competitive,12486.87005649718,68.04,0,50,12,10,29.67,16,77,85,56,0,5783.4000000000005,0
2609,Chicago,2011,female,average,14397.880797240334,68.04,0,50,12,10,29.67,16,77,85,56,0,5783.4000000000005,0
5119,Chicago,2011,female,recreational,16670.96932994727,68.04,0,50,12,10,29.67,16,77,85,56,0,5783.4000000000005,0
6911,Chicago,2011,female,slow,20494.49153523377,68.04,0,50,12,10,29.67,16,77,85,56,0,5783.4000000000005,0
195,Chicago,2011,male,elite,9144.769230769229,68.04,0,50,12,10,29.67,16,77,85,56,0,5783.4000000000005,68.04
1138,Chicago,2011,male,competitive,10953.036906854128,68.04,0,50,12,10,29.67,16,77,85,56,0,5783.4000000000005,68.04
3123,Chicago,2011,male,average,12740.216778738384,68.04,0,50,12,10,29.67,16,77,85,56,0,5783.4000000000005,68.04
5422,Chicago,2011,male,recreational,14682.099225378062,68.04,0,50,12,10,29.67,16,77,85,56,0,5783.4000000000005,68.04
10404,Chicago,2011,male,slow,18693.853517877713,68.04,0,50,12,10,29.67,16,77,85,56,0,5783.4000000000005,68.04
100,Chicago,2012,female,elite,10465.98,44.91,0,23.74,14,10,29.52,7,32,51,39,0,2290.41,0
1147,Chicago,2012,female,competitive,12510.98169136879,44.91,0,23.74,14,10,29.52,7,32,51,39,0,2290.41,0
3543,Chicago,2012,female,average,14350.644086931992,44.91,0,23.74,14,10,29.52,7,32,51,39,0,2290.41,0
5735,Chicago,2012,female,recreational,16634.768090671278,44.91,0,23.74,14,10,29.52,7,32,51,39,0,2290.41,0
6266,Chicago,2012,female,slow,20485.710501117297,44.91,0,23.74,14,10,29.52,7,32,51,39,0,2290.41,0
180,Chicago,2012,male,elite,9058.82222222222,44.91,0,23.74,14,10,29.52,7,32,51,39,0,2290.41,44.91
1460,Chicago,2012,male,competitive,10888.829452054792,44.91,0,23.74,14,10,29.52,7,32,51,39,0,2290.41,44.91
3954,Chicago,2012,male,average,12629.97445624685,44.91,0,23.74,14,10,29.52,7,32,51,39,0,2290.41,44.91
5994,Chicago,2012,male,recreational,14517.700367033687,44.91,0,23.74,14,10,29.52,7,32,51,39,0,2290.41,44.91
9091,Chicago,2012,male,slow,18442.638433615648,44.91,0,23.74,14,10,29.52,7,32,51,39,0,2290.41,44.91
95,Chicago,2013,female,elite,10283.63157894737,55.7,0,39.13,9,10,29.73,7,32,60,33,0,3342,0
952,Chicago,2013,female,competitive,12339.990546218482,55.7,0,39.13,9,10,29.73,7,32,60,33,0,3342,0
3590,Chicago,2013,female,average,14167.73008356546,55.7,0,39.13,9,10,29.73,7,32,60,33,0,3342,0
5583,Chicago,2013,female,recreational,16372.38885903635,55.7,0,39.13,9,10,29.73,7,32,60,33,0,3342,0
7172,Chicago,2013,female,slow,20091.669129949747,55.7,0,39.13,9,10,29.73,7,32,60,33,0,3342,0
152,Chicago,2013,male,elite,8967.986842105262,55.7,0,39.13,9,10,29.73,7,32,60,33,0,3342,55.7
1387,Chicago,2013,male,competitive,10806.339581831284,55.7,0,39.13,9,10,29.73,7,32,60,33,0,3342,55.7
3720,Chicago,2013,male,average,12526.422580645149,55.7,0,39.13,9,10,29.73,7,32,60,33,0,3342,55.7
6368,Chicago,2013,male,recreational,14429.015546482346,55.7,0,39.13,9,10,29.73,7,32,60,33,0,3342,55.7
9854,Chicago,2013,male,slow,18416.112340166434,55.7,0,39.13,9,10,29.73,7,32,60,33,0,3342,55.7
219,Chicago,2014,female,elite,10606.027397260274,55.48,0,43.76,18,10,29.48,9,40,53,38,0,2940.44,0
1743,Chicago,2014,female,competitive,12744.04589787722,55.48,0,43.76,18,10,29.48,9,40,53,38,0,2940.44,0
4324,Chicago,2014,female,average,14680.342275670637,55.48,0,43.76,18,10,29.48,9,40,53,38,0,2940.44,0
5875,Chicago,2014,female,recreational,16995.5375319149,55.48,0,43.76,18,10,29.48,9,40,53,38,0,2940.44,0
6244,Chicago,2014,female,slow,20880.65390775131,55.48,0,43.76,18,10,29.48,9,40,53,38,0,2940.44,0
178,Chicago,2014,male,elite,8983.735955056178,55.48,0,43.76,18,10,29.48,9,40,53,38,0,2940.44,55.48
1676,Chicago,2014,male,competitive,10853.05011933174,55.48,0,43.76,18,10,29.48,9,40,53,38,0,2940.44,55.48
4005,Chicago,2014,male,average,12564.955555555567,55.48,0,43.76,18,10,29.48,9,40,53,38,0,2940.44,55.48
6408,Chicago,2014,male,recreational,14492.50920724092,55.48,0,43.76,18,10,29.48,9,40,53,38,0,2940.44,55.48
9933,Chicago,2014,male,slow,18538.532870230563,55.48,0,43.76,18,10,29.48,9,40,53,38,0,2940.44,55.48
168,Chicago,2015,female,elite,10449.97023809524,65.67,0,45.96,18,10,29.27,8,47,51,20,0,3349.17,0
1448,Chicago,2015,female,competitive,12606.415055248628,65.67,0,45.96,18,10,29.27,8,47,51,20,0,3349.17,0
3669,Chicago,2015,female,average,14479.775143090768,65.67,0,45.96,18,10,29.27,8,47,51,20,0,3349.17,0
5433,Chicago,2015,female,recreational,16778.14025400331,65.67,0,45.96,18,10,29.27,8,47,51,20,0,3349.17,0
6537,Chicago,2015,female,slow,20483.677221967213,65.67,0,45.96,18,10,29.27,8,47,51,20,0,3349.17,0
319,Chicago,2015,male,elite,9412.808777429464,65.67,0,45.96,18,10,29.27,8,47,51,20,0,3349.17,65.67
2016,Chicago,2015,male,competitive,11234.78968253968,65.67,0,45.96,18,10,29.27,8,47,51,20,0,3349.17,65.67
4199,Chicago,2015,male,average,13058.976661109766,65.67,0,45.96,18,10,29.27,8,47,51,20,0,3349.17,65.67
5429,Chicago,2015,male,recreational,15082.326026892606,65.67,0,45.96,18,10,29.27,8,47,51,20,0,3349.17,65.67
8224,Chicago,2015,male,slow,18970.44430933838,65.67,0,45.96,18,10,29.27,8,47,51,20,0,3349.17,65.67
116,Chicago,2016,female,elite,10374.344827586208,57.17,0,44.67,14,10,29.69,5,37,67,27,0,3830.3900000000003,0
1401,Chicago,2016,female,competitive,12445.9528907923,57.17,0,44.67,14,10,29.69,5,37,67,27,0,3830.3900000000003,0
3822,Chicago,2016,female,average,14293.743589743586,57.17,0,44.67,14,10,29.69,5,37,67,27,0,3830.3900000000003,0
5650,Chicago,2016,female,recreational,16567.956814159254,57.17,0,44.67,14,10,29.69,5,37,67,27,0,3830.3900000000003,0
7535,Chicago,2016,female,slow,20636.760583941443,57.17,0,44.67,14,10,29.69,5,37,67,27,0,3830.3900000000003,0
346,Chicago,2016,male,elite,9603.754335260115,57.17,0,44.67,14,10,29.69,5,37,67,27,0,3830.3900000000003,57.17
2610,Chicago,2016,male,competitive,11387.13295019156,57.17,0,44.67,14,10,29.69,5,37,67,27,0,3830.3900000000003,57.17
5182,Chicago,2016,male,average,13274.26456966422,57.17,0,44.67,14,10,29.69,5,37,67,27,0,3830.3900000000003,57.17
5970,Chicago,2016,male,recreational,15301.076046901171,57.17,0,44.67,14,10,29.69,5,37,67,27,0,3830.3900000000003,57.17
7924,Chicago,2016,male,slow,19319.110928823615,57.17,0,44.67,14,10,29.69,5,37,67,27,0,3830.3900000000003,57.17
100,Chicago,2017,female,elite,10128.52,66.83,0.44,51.71,21,10,29.18,3,44,46,36,0,3074.18,0
936,Chicago,2017,female,competitive,12232.729700854708,66.83,0.44,51.71,21,10,29.18,3,44,46,36,0,3074.18,0
3224,Chicago,2017,female,average,14037.564516129023,66.83,0.44,51.71,21,10,29.18,3,44,46,36,0,3074.18,0
5547,Chicago,2017,female,recreational,16251.728862448192,66.83,0.44,51.71,21,10,29.18,3,44,46,36,0,3074.18,0
11718,Chicago,2017,female,slow,20754.45238095249,66.83,0.44,51.71,21,10,29.18,3,44,46,36,0,3074.18,0
258,Chicago,2017,male,elite,9408.155038759687,66.83,0.44,51.71,21,10,29.18,3,44,46,36,0,3074.18,66.83
2149,Chicago,2017,male,competitive,11238.495579339233,66.83,0.44,51.71,21,10,29.18,3,44,46,36,0,3074.18,66.83
4057,Chicago,2017,male,average,13057.464629036222,66.83,0.44,51.71,21,10,29.18,3,44,46,36,0,3074.18,66.83
5623,Chicago,2017,male,recreational,15080.428241152402,66.83,0.44,51.71,21,10,29.18,3,44,46,36,0,3074.18,66.83
10736,Chicago,2017,male,slow,19476.239474664613,66.83,0.44,51.71,21,10,29.18,3,44,46,36,0,3074.18,66.83
120,Chicago,2018,female,elite,10177.175,60.46,0.19,56.97,13,10,29.54,3,21,48,8,1,2902.08,0
1288,Chicago,2018,female,competitive,12214.8548136646,60.46,0.19,56.97,13,10,29.54,3,21,48,8,1,2902.08,0
3990,Chicago,2018,female,average,14006.661403508786,60.46,0.19,56.97,13,10,29.54,3,21,48,8,1,2902.08,0
5986,Chicago,2018,female,recreational,16220.683762111585,60.46,0.19,56.97,13,10,29.54,3,21,48,8,1,2902.08,0
9255,Chicago,2018,female,slow,20472.60723933002,60.46,0.19,56.97,13,10,29.54,3,21,48,8,1,2902.08,0
263,Chicago,2018,male,elite,9148.441064638784,60.46,0.19,56.97,13,10,29.54,3,21,48,8,1,2902.08,60.46
2215,Chicago,2018,male,competitive,10898.11196388261,60.46,0.19,56.97,13,10,29.54,3,21,48,8,1,2902.08,60.46
4771,Chicago,2018,male,average,12643.15049255922,60.46,0.19,56.97,13,10,29.54,3,21,48,8,1,2902.08,60.46
6385,Chicago,2018,male,recreational,14586.717149569324,60.46,0.19,56.97,13,10,29.54,3,21,48,8,1,2902.08,60.46
10278,Chicago,2018,male,slow,18770.138353765364,60.46,0.19,56.97,13,10,29.54,3,21,48,8,1,2902.08,60.46
128,Chicago,2019,female,elite,9884.5078125,47.25,0,32.38,23,10,29.28,3,36,44,27,1,2079,0
1169,Chicago,2019,female,competitive,11816.565440547474,47.25,0,32.38,23,10,29.28,3,36,44,27,1,2079,0
3922,Chicago,2019,female,average,13601.376338602762,47.25,0,32.38,23,10,29.28,3,36,44,27,1,2079,0
5710,Chicago,2019,female,recreational,15714.929947460598,47.25,0,32.38,23,10,29.28,3,36,44,27,1,2079,0
10365,Chicago,2019,female,slow,20104.510467921216,47.25,0,32.38,23,10,29.28,3,36,44,27,1,2079,0
403,Chicago,2019,male,elite,9166.632754342434,47.25,0,32.38,23,10,29.28,3,36,44,27,1,2079,47.25
3088,Chicago,2019,male,competitive,10906.430699481867,47.25,0,32.38,23,10,29.28,3,36,44,27,1,2079,47.25
5105,Chicago,2019,male,average,12679.612144955934,47.25,0,32.38,23,10,29.28,3,36,44,27,1,2079,47.25
6551,Chicago,2019,male,recreational,14622.27873607086,47.25,0,32.38,23,10,29.28,3,36,44,27,1,2079,47.25
9425,Chicago,2019,male,slow,18877.846472148525,47.25,0,32.38,23,10,29.28,3,36,44,27,1,2079,47.25
126,Chicago,2021,female,elite,10335.92857142857,75.5,0,60.71,18,10,29.13,6,46,72,28,1,5436,0
806,Chicago,2021,female,competitive,12447.74689826303,75.5,0,60.71,18,10,29.13,6,46,72,28,1,5436,0
2089,Chicago,2021,female,average,14413.89325035901,75.5,0,60.71,18,10,29.13,6,46,72,28,1,5436,0
3414,Chicago,2021,female,recreational,16727.9440538957,75.5,0,60.71,18,10,29.13,6,46,72,28,1,5436,0
5442,Chicago,2021,female,slow,20824.487137081895,75.5,0,60.71,18,10,29.13,6,46,72,28,1,5436,0
171,Chicago,2021,male,elite,9215.345029239765,75.5,0,60.71,18,10,29.13,6,46,72,28,1,5436,75.5
1150,Chicago,2021,male,competitive,10974.12695652174,75.5,0,60.71,18,10,29.13,6,46,72,28,1,5436,75.5
2209,Chicago,2021,male,average,12737.4327750113,75.5,0,60.71,18,10,29.13,6,46,72,28,1,5436,75.5
3600,Chicago,2021,male,recreational,14750.718888888914,75.5,0,60.71,18,10,29.13,6,46,72,28,1,5436,75.5
7073,Chicago,2021,male,slow,19044.898204439505,75.5,0,60.71,18,10,29.13,6,46,72,28,1,5436,75.5
96,Chicago,2022,female,elite,9797.78125,57.96,0,35.08,14,10,29.51,8,39,50,39,1,2898,0
624,Chicago,2022,female,competitive,11762.730769230768,57.96,0,35.08,14,10,29.51,8,39,50,39,1,2898,0
3403,Chicago,2022,female,average,13587.054069938293,57.96,0,35.08,14,10,29.51,8,39,50,39,1,2898,0
4104,Chicago,2022,female,recreational,15641.527534113082,57.96,0,35.08,14,10,29.51,8,39,50,39,1,2898,0
8439,Chicago,2022,female,slow,20235.445313425786,57.96,0,35.08,14,10,29.51,8,39,50,39,1,2898,0
414,Chicago,2022,male,elite,9147.628019323667,57.96,0,35.08,14,10,29.51,8,39,50,39,1,2898,57.96
2328,Chicago,2022,male,competitive,10665.937285223368,57.96,0,35.08,14,10,29.51,8,39,50,39,1,2898,57.96
4293,Chicago,2022,male,average,12518.03657116236,57.96,0,35.08,14,10,29.51,8,39,50,39,1,2898,57.96
4731,Chicago,2022,male,recreational,14414.054956668786,57.96,0,35.08,14,10,29.51,8,39,50,39,1,2898,57.96
7833,Chicago,2022,male,slow,18522.790374058535,57.96,0,35.08,14,10,29.51,8,39,50,39,1,2898,57.96
142,Chicago,2023,female,elite,9825.852112676055,50.08,0,35.96,13,10,29.36,3,27,43,25,1,2153.44,0
1910,Chicago,2023,female,competitive,11720.613612565445,50.08,0,35.96,13,10,29.36,3,27,43,25,1,2153.44,0
4884,Chicago,2023,female,average,13530.565315315322,50.08,0,35.96,13,10,29.36,3,27,43,25,1,2153.44,0
5762,Chicago,2023,female,recreational,15656.900555362748,50.08,0,35.96,13,10,29.36,3,27,43,25,1,2153.44,0
9785,Chicago,2023,female,slow,19986.157690342225,50.08,0,35.96,13,10,29.36,3,27,43,25,1,2153.44,0
342,Chicago,2023,male,elite,8957.669590643276,50.08,0,35.96,13,10,29.36,3,27,43,25,1,2153.44,50.08
3525,Chicago,2023,male,competitive,10497.16709219858,50.08,0,35.96,13,10,29.36,3,27,43,25,1,2153.44,50.08
5470,Chicago,2023,male,average,12139.839670932342,50.08,0,35.96,13,10,29.36,3,27,43,25,1,2153.44,50.08
6475,Chicago,2023,male,recreational,14042.703320463284,50.08,0,35.96,13,10,29.36,3,27,43,25,1,2153.44,50.08
9860,Chicago,2023,male,slow,18331.018559837743,50.08,0,35.96,13,10,29.36,3,27,43,25,1,2153.44,50.08
74,NYC,1996,female,elite,10744.472972972972,42.43,0,22.17,18,10,30.26,34,27,29,36,0,1527.48,0
694,NYC,1996,female,competitive,12995.612391930836,42.43,0,22.17,18,10,30.26,34,27,29,36,0,1527.48,0
2126,NYC,1996,female,average,15026.573847601128,42.43,0,22.17,18,10,30.26,34,27,29,36,0,1527.48,0
2740,NYC,1996,female,recreational,17228.681751824817,42.43,0,22.17,18,10,30.26,34,27,29,36,0,1527.48,0
1794,NYC,1996,female,slow,21404.829431438135,42.43,0,22.17,18,10,30.26,34,27,29,36,0,1527.48,0
263,NYC,1996,male,elite,9491.593155893535,42.43,0,22.17,18,10,30.26,34,27,29,36,0,1527.48,42.43
1873,NYC,1996,male,competitive,11316.875066737855,42.43,0,22.17,18,10,30.26,34,27,29,36,0,1527.48,42.43
5012,NYC,1996,male,average,13169.512769353552,42.43,0,22.17,18,10,30.26,34,27,29,36,0,1527.48,42.43
7083,NYC,1996,male,recreational,15115.347592827897,42.43,0,22.17,18,10,30.26,34,27,29,36,0,1527.48,42.43
6523,NYC,1996,male,slow,18605.852368542062,42.43,0,22.17,18,10,30.26,34,27,29,36,0,1527.48,42.43
65,NYC,1997,female,elite,10618.246153846154,58.84,0,56.11,20,10,29.7,33,31,52,40,0,2353.6000000000004,0
660,NYC,1997,female,competitive,13042.321212121213,58.84,0,56.11,20,10,29.7,33,31,52,40,0,2353.6000000000004,0
2262,NYC,1997,female,average,15051.905393457118,58.84,0,56.11,20,10,29.7,33,31,55,40,0,2353.6000000000004,0
3258,NYC,1997,female,recreational,17321.298035604665,58.84,0,56.11,20,10,29.7,33,31,55,40,0,2353.6000000000004,0
2166,NYC,1997,female,slow,21418.53093259462,58.84,0,56.11,20,10,29.7,33,31,52,40,0,2353.6000000000004,0
213,NYC,1997,male,elite,9391.009389671362,58.84,0,56.11,20,10,29.7,33,31,52,40,0,2353.6000000000004,58.84
1626,NYC,1997,male,competitive,11167.824723247231,58.84,0,56.11,20,10,29.7,33,31,52,40,0,2353.6000000000004,58.84
4751,NYC,1997,male,average,13001.685329404332,58.84,0,56.11,20,10,29.7,33,31,55,40,0,2353.6000000000004,58.84
7465,NYC,1997,male,recreational,14951.722304085732,58.84,0,56.11,20,10,29.7,33,31,55,40,0,2353.6000000000004,58.84
7963,NYC,1997,male,slow,18533.70563857843,58.84,0,56.11,20,10,29.7,33,31,55,40,0,2353.6000000000004,58.84
56,NYC,1998,female,elite,10368.535714285714,51.64,0,37.23,20,10,29.98,28,31,29,33,0,1704.1200000000001,0
679,NYC,1998,female,competitive,12740.891016200294,51.64,0,37.23,20,10,29.98,28,31,29,33,0,1704.1200000000001,0
2088,NYC,1998,female,average,14701.422413793103,51.64,0,37.23,20,10,29.98,28,31,29,33,0,1704.1200000000001,0
3455,NYC,1998,female,recreational,16959.475542691755,51.64,0,37.23,20,10,29.98,28,31,29,33,0,1704.1200000000001,0
2680,NYC,1998,female,slow,20988.07686567162,51.64,0,37.23,20,10,29.98,28,31,42,33,0,1704.1200000000001,0
290,NYC,1998,male,elite,9364.313793103447,51.64,0,37.23,20,10,29.98,28,31,29,33,0,1704.1200000000001,51.64
1942,NYC,1998,male,competitive,11210.699279093718,51.64,0,37.23,20,10,29.98,28,31,29,33,0,1704.1200000000001,51.64
4994,NYC,1998,male,average,13043.599118942731,51.64,0,37.23,20,10,29.98,28,31,29,33,0,1704.1200000000001,51.64
7708,NYC,1998,male,recreational,15001.211209133366,51.64,0,37.23,20,10,29.98,28,31,29,33,0,1704.1200000000001,51.64
7648,NYC,1998,male,slow,18624.15219665272,51.64,0,37.23,20,10,29.98,28,31,42,33,0,1704.1200000000001,51.64
38,NYC,1999,female,elite,10439.78947368421,46.3,0,25.22,21,10,30.2,26,36,29,38,0,1759.3999999999999,0
618,NYC,1999,female,competitive,12730.077669902912,46.3,0,25.22,21,10,30.2,26,36,29,38,0,1759.3999999999999,0
2100,NYC,1999,female,average,14697.731428571427,46.3,0,25.22,21,10,30.2,26,36,29,38,0,1759.3999999999999,0
3493,NYC,1999,female,recreational,16969.18923561408,46.3,0,25.22,21,10,30.2,26,36,29,38,0,1759.3999999999999,0
2920,NYC,1999,female,slow,21028.77260273971,46.3,0,25.22,21,10,30.2,26,36,29,38,0,1759.3999999999999,0
217,NYC,1999,male,elite,9456.235023041474,46.3,0,25.22,21,10,30.2,26,36,29,38,0,1759.3999999999999,46.3
1760,NYC,1999,male,competitive,11250.917045454544,46.3,0,25.22,21,10,30.2,26,36,29,38,0,1759.3999999999999,46.3
4984,NYC,1999,male,average,13093.016452648477,46.3,0,25.22,21,10,30.2,26,36,29,38,0,1759.3999999999999,46.3
7676,NYC,1999,male,recreational,15073.25964043773,46.3,0,25.22,21,10,30.2,26,36,29,38,0,1759.3999999999999,46.3
7980,NYC,1999,male,slow,18694.741102756892,46.3,0,25.22,21,10,30.2,26,36,29,38,0,1759.3999999999999,46.3
67,NYC,2000,female,elite,10399.850746268658,48.09,0,31.13,16,10,29.76,22,31,55,27,0,2644.9500000000003,0
625,NYC,2000,female,competitive,12833.1472,48.09,0,31.13,16,10,29.76,22,31,55,27,0,2644.9500000000003,0
1943,NYC,2000,female,average,14750.388574369534,48.09,0,31.13,16,10,29.76,22,31,55,27,0,2644.9500000000003,0
3134,NYC,2000,female,recreational,17024.36151882579,48.09,0,31.13,16,10,29.76,22,31,55,27,0,2644.9500000000003,0
2572,NYC,2000,female,slow,21145.82581648523,48.09,0,31.13,16,10,29.76,22,31,55,27,0,2644.9500000000003,0
230,NYC,2000,male,elite,9493.934782608696,48.09,0,31.13,16,10,29.76,22,31,55,27,0,2644.9500000000003,48.09
1779,NYC,2000,male,competitive,11341.478920741987,48.09,0,31.13,16,10,29.76,22,31,55,27,0,2644.9500000000003,48.09
4899,NYC,2000,male,average,13183.938354766278,48.09,0,31.13,16,10,29.76,22,31,55,27,0,2644.9500000000003,48.09
7143,NYC,2000,male,recreational,15149.546689066216,48.09,0,31.13,16,10,29.76,22,31,55,27,0,2644.9500000000003,48.09
6973,NYC,2000,male,slow,18852.167072995857,48.09,0,31.13,16,10,29.76,22,31,55,27,0,2644.9500000000003,48.09
93,NYC,2001,female,elite,10315.440860215054,54.43,0,39.87,12,10,30.01,19,39,52,51,0,2830.36,0
493,NYC,2001,female,competitive,12625.05476673428,54.43,0,39.87,12,10,30.01,19,39,52,51,0,2830.36,0
1543,NYC,2001,female,average,14634.773169151003,54.43,0,39.87,12,10,30.01,19,39,52,51,0,2830.36,0
2624,NYC,2001,female,recreational,16869.98704268293,54.43,0,39.87,12,10,30.01,19,39,52,51,0,2830.36,0
2108,NYC,2001,female,slow,20749.387096774197,54.43,0,39.87,12,10,30.01,19,39,52,51,0,2830.36,0
203,NYC,2001,male,elite,9282.364532019705,54.43,0,39.87,12,10,30.01,19,39,52,51,0,2830.36,54.43
1089,NYC,2001,male,competitive,11130.363636363638,54.43,0,39.87,12,10,30.01,19,39,52,51,0,2830.36,54.43
3159,NYC,2001,male,average,12955.33111744223,54.43,0,39.87,12,10,30.01,19,39,52,51,0,2830.36,54.43
5478,NYC,2001,male,recreational,14945.225264695146,54.43,0,39.87,12,10,30.01,19,39,52,51,0,2830.36,54.43
6874,NYC,2001,male,slow,18504.968722723304,54.43,0,39.87,12,10,30.01,19,39,52,51,0,2830.36,54.43
77,NYC,2002,female,elite,10485.493506493509,41.3,0,21.13,13,10,29.98,17,31,52,44,0,2147.6,0
721,NYC,2002,female,competitive,12809.631067961163,41.3,0,21.13,13,10,29.98,17,31,52,44,0,2147.6,0
2370,NYC,2002,female,average,14788.186919831229,41.3,0,21.13,13,10,29.98,17,31,52,44,0,2147.6,0
3854,NYC,2002,female,recreational,17021.614426569802,41.3,0,21.13,13,10,29.98,17,31,52,44,0,2147.6,0
3196,NYC,2002,female,slow,21096.376095118892,41.3,0,21.13,13,10,29.98,17,31,52,44,0,2147.6,0
147,NYC,2002,male,elite,9271.802721088436,41.3,0,21.13,13,10,29.98,17,31,52,44,0,2147.6,41.3
1355,NYC,2002,male,competitive,11180.374907749076,41.3,0,21.13,13,10,29.98,17,31,52,44,0,2147.6,41.3
4122,NYC,2002,male,average,12995.971615720524,41.3,0,21.13,13,10,29.98,17,31,52,44,0,2147.6,41.3
7088,NYC,2002,male,recreational,14970.862725733634,41.3,0,21.13,13,10,29.98,17,31,52,44,0,2147.6,41.3
8906,NYC,2002,male,slow,18631.94947226588,41.3,0,21.13,13,10,29.98,17,31,52,44,0,2147.6,41.3
49,NYC,2003,female,elite,10024.65306122449,62.26,0,54.3,6,10,30.08,24,37,86,46,0,5354.36,0
531,NYC,2003,female,competitive,12590.879472693032,62.26,0,54.3,6,10,30.08,24,37,86,46,0,5354.36,0
1860,NYC,2003,female,average,14462.38602150538,62.26,0,54.3,6,10,30.08,24,37,86,46,0,5354.36,0
3993,NYC,2003,female,recreational,16739.200100175305,62.26,0,54.3,6,10,30.08,24,37,86,46,0,5354.36,0
5287,NYC,2003,female,slow,20618.88972952526,62.26,0,54.3,6,10,30.08,24,37,86,46,0,5354.36,0
163,NYC,2003,male,elite,9429.552147239265,62.26,0,54.3,6,10,30.08,24,37,86,46,0,5354.36,62.26
1327,NYC,2003,male,competitive,11427.704596834965,62.26,0,54.3,6,10,30.08,24,37,86,46,0,5354.36,62.26
3826,NYC,2003,male,average,13244.439884997386,62.26,0,54.3,6,10,30.08,24,37,86,46,0,5354.36,62.26
7192,NYC,2003,male,recreational,15267.77753058954,62.26,0,54.3,6,10,30.08,24,37,86,46,0,5354.36,62.26
10501,NYC,2003,male,slow,19006.398533472988,62.26,0,54.3,6,10,30.08,24,37,86,46,0,5354.36,62.26
53,NYC,2004,female,elite,10126.566037735847,58.35,0,43.43,15,10,29.72,15,44,58,48,0,3384.3,0
557,NYC,2004,female,competitive,12568.109515260325,58.35,0,43.43,15,10,29.72,15,44,58,48,0,3384.3,0
1941,NYC,2004,female,average,14529.326120556414,58.35,0,43.43,15,10,29.72,15,44,58,48,0,3384.3,0
3815,NYC,2004,female,recreational,16823.35543905636,58.35,0,43.43,15,10,29.72,15,44,58,48,0,3384.3,0
5632,NYC,2004,female,slow,20870.82776988637,58.35,0,43.43,15,10,29.72,15,44,58,48,0,3384.3,0
154,NYC,2004,male,elite,9347.2077922077915,58.35,0,43.43,15,10,29.72,15,44,58,48,0,3384.3,58.35
1238,NYC,2004,male,competitive,11273.672859450726,58.35,0,43.43,15,10,29.72,15,44,58,48,0,3384.3,58.35
3674,NYC,2004,male,average,13132.161948829618,58.35,0,43.43,15,10,29.72,15,44,58,48,0,3384.3,58.35
7315,NYC,2004,male,recreational,15169.941079972656,58.35,0,43.43,15,10,29.72,15,44,58,48,0,3384.3,58.35
12183,NYC,2004,male,slow,19060.68332922926,58.35,0,43.43,15,10,29.72,15,44,58,48,0,3384.3,58.35
64,NYC,2005,female,elite,10223.65625,58.41,0,53.76,9,10,29.9,27,50,119,63,0,6950.79,0
673,NYC,2005,female,competitive,12687.673105497772,58.41,0,53.76,9,10,29.9,27,50,119,63,0,6950.79,0
2223,NYC,2005,female,average,14661.64237516869,58.41,0,53.76,9,10,29.9,27,50,119,63,0,6950.79,0
4208,NYC,2005,female,recreational,16977.528517110262,58.41,0,53.76,9,10,29.9,27,50,119,63,0,6950.79,0
4906,NYC,2005,female,slow,20923.769465960053,58.41,0,53.76,9,10,29.9,27,50,119,63,0,6950.79,0
205,NYC,2005,male,elite,9492.482926829269,58.41,0,53.76,9,10,29.9,27,50,119,63,0,6950.79,58.41
1448,NYC,2005,male,competitive,11277.19544198895,58.41,0,53.76,9,10,29.9,27,50,119,63,0,6950.79,58.41
3768,NYC,2005,male,average,13134.016188959658,58.41,0,53.76,9,10,29.9,27,50,119,63,0,6950.79,58.41
7200,NYC,2005,male,recreational,15167.422638888887,58.41,0,53.76,9,10,29.9,27,50,119,63,0,6950.79,58.41
12163,NYC,2005,male,slow,19038.965222395796,58.41,0,53.76,9,10,29.9,27,50,119,63,0,6950.79,58.41
89,NYC,2006,female,elite,10513.831460674155,43.48,0,24.7,6,10,30.39,18,29,70,39,0,3043.6,0
1014,NYC,2006,female,competitive,12714.43392504931,43.48,0,24.7,6,10,30.39,18,29,70,39,0,3043.6,0
3084,NYC,2006,female,average,14661.883592736707,43.48,0,24.7,6,10,30.39,18,29,70,39,0,3043.6,0
4585,NYC,2006,female,recreational,16916.418756815707,43.48,0,24.7,6,10,30.39,18,29,70,39,0,3043.6,0
3583,NYC,2006,female,slow,20866.67010884735,43.48,0,24.7,6,10,30.39,18,29,70,39,0,3043.6,0
305,NYC,2006,male,elite,9554.92786885246,43.48,0,24.7,6,10,30.39,18,29,70,39,0,3043.6,43.48
2208,NYC,2006,male,competitive,11290.561594202898,43.48,0,24.7,6,10,30.39,18,29,70,39,0,3043.6,43.48
5680,NYC,2006,male,average,13162.049295774636,43.48,0,24.7,6,10,30.39,18,29,70,39,0,3043.6,43.48
8616,NYC,2006,male,recreational,15146.838440111422,43.48,0,24.7,6,10,30.39,18,29,70,39,0,3043.6,43.48
8714,NYC,2006,male,slow,18693.267844847353,43.48,0,24.7,6,10,30.39,18,29,70,39,0,3043.6,43.48
76,NYC,2007,female,elite,10374.578947368422,50.54,0,30.92,10,10,29.75,13,34,61,40,0,3082.94,0
982,NYC,2007,female,competitive,12530.351323828922,50.54,0,30.92,10,10,29.75,13,34,61,40,0,3082.94,0
2873,NYC,2007,female,average,14499.406891750785,50.54,0,30.92,10,10,29.75,13,34,61,40,0,3082.94,0
4627,NYC,2007,female,recreational,16735.56861897558,50.54,0,30.92,10,10,29.75,13,34,61,40,0,3082.94,0
3951,NYC,2007,female,slow,20598.10301189574,50.54,0,30.92,10,10,29.75,13,34,61,40,0,3082.94,0
229,NYC,2007,male,elite,9543.375545851528,50.54,0,30.92,10,10,29.75,13,34,61,40,0,3082.94,50.54
2045,NYC,2007,male,competitive,11240.345232273838,50.54,0,30.92,10,10,29.75,13,34,61,40,0,3082.94,50.54
5240,NYC,2007,male,average,13077.268893129767,50.54,0,30.92,10,10,29.75,13,34,61,40,0,3082.94,50.54
8778,NYC,2007,male,recreational,15053.81328320802,50.54,0,30.92,10,10,29.75,13,34,61,40,0,3082.94,50.54
9804,NYC,2007,male,slow,18668.990820073443,50.54,0,30.92,10,10,29.75,13,34,61,40,0,3082.94,50.54
101,NYC,2008,female,elite,10407.821782178218,44.29,0,25.54,15,10,30.39,9,31,52,37,0,2303.08,0
1228,NYC,2008,female,competitive,12616.35342019544,44.29,0,25.54,15,10,30.39,9,31,52,37,0,2303.08,0
3243,NYC,2008,female,average,14563.96608078939,44.29,0,25.54,15,10,30.39,9,31,52,37,0,2303.08,0
4539,NYC,2008,female,recreational,16803.234853491966,44.29,0,25.54,15,10,30.39,9,31,52,37,0,2303.08,0
3773,NYC,2008,female,slow,20838.700768619154,44.29,0,25.54,15,10,30.39,9,31,52,37,0,2303.08,0
278,NYC,2008,male,elite,9499.161870503598,44.29,0,25.54,15,10,30.39,9,31,52,37,0,2303.08,44.29
2266,NYC,2008,male,competitive,11178.108120035304,44.29,0,25.54,15,10,30.39,9,31,52,37,0,2303.08,44.29
5758,NYC,2008,male,average,13043.732198680087,44.29,0,25.54,15,10,30.39,9,31,52,37,0,2303.08,44.29
8394,NYC,2008,male,recreational,14993.767810340718,44.29,0,25.54,15,10,30.39,9,31,52,37,0,2303.08,44.29
8521,NYC,2008,male,slow,18662.349020068068,44.29,0,25.54,15,10,30.39,9,31,52,37,0,2303.08,44.29
154,NYC,2009,female,elite,10928.292207792209,53.54,0,39.46,9,10,30.03,10,27,42,30,0,2248.68,0
1869,NYC,2009,female,competitive,12996.20278223649,53.54,0,39.46,9,10,30.03,10,27,42,30,0,2248.68,0
4532,NYC,2009,female,average,15031.170123565753,53.54,0,39.46,9,10,30.03,10,27,42,30,0,2248.68,0
5155,NYC,2009,female,recreational,17265.367410281284,53.54,0,39.46,9,10,30.03,10,27,42,30,0,2248.68,0
3490,NYC,2009,female,slow,21275.37077363897,53.54,0,39.46,9,10,30.03,10,27,42,30,0,2248.68,0
297,NYC,2009,male,elite,9479.30303030303,53.54,0,39.46,9,10,30.03,10,27,42,30,0,2248.68,53.54
2666,NYC,2009,male,competitive,11254.523255813952,53.54,0,39.46,9,10,30.03,10,27,42,30,0,2248.68,53.54
6750,NYC,2009,male,average,13091.879111111117,53.54,0,39.46,9,10,30.03,10,27,42,30,0,2248.68,53.54
9519,NYC,2009,male,recreational,15037.926988129004,53.54,0,39.46,9,10,30.03,10,27,42,30,0,2248.68,53.54
9112,NYC,2009,male,slow,18689.981233538187,53.54,0,39.46,9,10,30.03,10,27,42,30,0,2248.68,53.54
151,NYC,2010,female,elite,10689.35761589404,43.17,0,25.58,14,10,30.13,7,31,44,23,0,1899.48,0
1811,NYC,2010,female,competitive,12973.438983986744,43.17,0,25.58,14,10,30.13,7,31,44,23,0,1899.48,0
4618,NYC,2010,female,average,14985.161108705066,43.17,0,25.58,14,10,30.13,7,31,44,23,0,1899.48,0
5332,NYC,2010,female,recreational,17230.989497374347,43.17,0,25.58,14,10,30.13,7,31,44,23,0,1899.48,0
4212,NYC,2010,female,slow,21220.872744539414,43.17,0,25.58,14,10,30.13,7,31,44,23,0,1899.48,0
203,NYC,2010,male,elite,9371.142857142857,43.17,0,25.58,14,10,30.13,7,31,44,23,0,1899.48,43.17
2282,NYC,2010,male,competitive,11160.768185801931,43.17,0,25.58,14,10,30.13,7,31,44,23,0,1899.48,43.17
6416,NYC,2010,male,average,12980.947319201983,43.17,0,25.58,14,10,30.13,7,31,44,23,0,1899.48,43.17
9684,NYC,2010,male,recreational,14942.785315985137,43.17,0,25.58,14,10,30.13,7,31,44,23,0,1899.48,43.17
10266,NYC,2010,male,slow,18712.829339567517,43.17,0,25.58,14,10,30.13,7,31,44,23,0,1899.48,43.17
104,NYC,2011,female,elite,10428.057692307691,46.58,0,30.58,8,10,30.37,32,32,63,49,0,2934.54,0
1493,NYC,2011,female,competitive,12562.286001339584,46.58,0,30.58,8,10,30.37,32,32,63,49,0,2934.54,0
4001,NYC,2011,female,average,14485.46813296676,46.58,0,30.58,8,10,30.37,32,32,63,49,0,2934.54,0
5974,NYC,2011,female,recreational,16721.659357214598,46.58,0,30.58,8,10,30.37,32,32,63,49,0,2934.54,0
5688,NYC,2011,female,slow,20574.51195499295,46.58,0,30.58,8,10,30.37,32,32,63,49,0,2934.54,0
172,NYC,2011,male,elite,9207.040697674418,46.58,0,30.58,8,10,30.37,32,32,63,49,0,2934.54,46.58
2184,NYC,2011,male,competitive,10904.297619047618,46.58,0,30.58,8,10,30.37,32,32,63,49,0,2934.54,46.58
5386,NYC,2011,male,average,12684.548644634238,46.58,0,30.58,8,10,30.37,32,32,63,49,0,2934.54,46.58
9581,NYC,2011,male,recreational,14611.282120864213,46.58,0,30.58,8,10,30.37,32,32,63,49,0,2934.54,46.58
12655,NYC,2011,male,slow,18347.2647965231,46.58,0,30.58,8,10,30.37,32,32,63,49,0,2934.54,46.58
82,NYC,2013,female,elite,10428.60975609756,46.63,0,28.79,13,10,30.25,6,31,38,17,0,1771.94,0
1544,NYC,2013,female,competitive,12758.830310880829,46.63,0,28.79,13,10,30.25,6,31,38,17,0,1771.94,0
5175,NYC,2013,female,average,14671.94608695652,46.63,0,28.79,13,10,30.25,6,31,38,17,0,1771.94,0
6998,NYC,2013,female,recreational,16900.498856816233,46.63,0,28.79,13,10,30.25,6,31,38,17,0,1771.94,0
5747,NYC,2013,female,slow,20820.142335131382,46.63,0,28.79,13,10,30.25,6,31,38,17,0,1771.94,0
180,NYC,2013,male,elite,9433.033333333333,46.63,0,28.79,13,10,30.25,6,31,38,17,0,1771.94,46.63
2136,NYC,2013,male,competitive,11211.579588014982,46.63,0,28.79,13,10,30.25,6,31,38,17,0,1771.94,46.63
6964,NYC,2013,male,average,13010.924468696145,46.63,0,28.79,13,10,30.25,6,31,38,17,0,1771.94,46.63
10513,NYC,2013,male,recreational,14943.706173309232,46.63,0,28.79,13,10,30.25,6,31,38,17,0,1771.94,46.63
10796,NYC,2013,male,slow,18694.34874027416,46.63,0,28.79,13,10,30.25,6,31,38,17,0,1771.94,46.63
109,NYC,2014,female,elite,10624.238532110092,43.73,0.29,25.27,16,10,29.9,5,35,26,11,0,1530.55,0
1401,NYC,2014,female,competitive,12761.529621698788,43.73,0.29,25.27,16,10,29.9,5,35,26,11,0,1530.55,0
4841,NYC,2014,female,average,14688.788266887006,43.73,0.29,25.27,16,10,29.9,5,35,26,11,0,1530.55,0
7168,NYC,2014,female,recreational,16922.067661830355,43.73,0.29,25.27,16,10,29.9,5,35,26,11,0,1530.55,0
6884,NYC,2014,female,slow,20979.45554909936,43.73,0.29,25.27,16,10,29.9,5,35,26,11,0,1530.55,0
266,NYC,2014,male,elite,9610.421052631578,43.73,0.29,25.27,16,10,29.9,5,35,26,11,0,1530.55,43.73
2288,NYC,2014,male,competitive,11431.260489510489,43.73,0.29,25.27,16,10,29.9,5,35,26,11,0,1530.55,43.73
6954,NYC,2014,male,average,13274.30644233534,43.73,0.29,25.27,16,10,29.9,5,35,26,11,0,1530.55,43.73
9731,NYC,2014,male,recreational,15258.723050046245,43.73,0.29,25.27,16,10,29.9,5,35,26,11,0,1530.55,43.73
10752,NYC,2014,male,slow,19104.04306175596,43.73,0.29,25.27,16,10,29.9,5,35,26,11,0,1530.55,43.73
95,NYC,2015,female,elite,10511.568421052632,59.16,0,46.52,8,10,29.9,9,31,57,28,0,3372.12,0
1250,NYC,2015,female,competitive,12661.8208,59.16,0,46.52,8,10,29.9,9,31,57,28,0,3372.12,0
4398,NYC,2015,female,average,14625.407457935426,59.16,0,46.52,8,10,29.9,9,31,57,28,0,3372.12,0
7201,NYC,2015,female,recreational,16902.482294125813,59.16,0,46.52,8,10,29.9,9,31,57,28,0,3372.12,0
7727,NYC,2015,female,slow,20886.205254303102,59.16,0,46.52,8,10,29.9,9,31,57,28,0,3372.12,0
259,NYC,2015,male,elite,9640.420849420849,59.16,0,46.52,8,10,29.9,9,31,57,28,0,3372.12,59.16
2207,NYC,2015,male,competitive,11333.418214771184,59.16,0,46.52,8,10,29.9,9,31,57,28,0,3372.12,59.16
5543,NYC,2015,male,average,13234.941006675095,59.16,0,46.52,8,10,29.9,9,31,57,28,0,3372.12,59.16
9022,NYC,2015,male,recreational,15249.6286854356,59.16,0,46.52,8,10,29.9,9,31,57,28,0,3372.12,59.16
11759,NYC,2015,male,slow,19095.6906199507,59.16,0,46.52,8,10,29.9,9,31,57,28,0,3372.12,59.16
116,NYC,2016,female,elite,10580.327586206897,52.6,0,34.4,14,10,30.26,7,33,43,23,0,2261.8,0
1357,NYC,2016,female,competitive,12657.65438467207,52.6,0,34.4,14,10,30.26,7,33,43,23,0,2261.8,0
4601,NYC,2016,female,average,14640.389480547705,52.6,0,34.4,14,10,30.26,7,33,43,23,0,2261.8,0
7439,NYC,2016,female,recreational,16896.48393601291,52.6,0,34.4,14,10,30.26,7,33,43,23,0,2261.8,0
7924,NYC,2016,female,slow,20926.321933367,52.6,0,34.4,14,10,30.26,7,33,43,23,0,2261.8,0
189,NYC,2016,male,elite,9415.84656084656,52.6,0,34.4,14,10,30.26,7,33,43,23,0,2261.8,52.6
2021,NYC,2016,male,competitive,11112.510638297872,52.6,0,34.4,14,10,30.26,7,33,43,23,0,2261.8,52.6
5236,NYC,2016,male,average,12953.924178762409,52.6,0,34.4,14,10,30.26,7,33,43,23,0,2261.8,52.6
9425,NYC,2016,male,recreational,14948.43395225464,52.6,0,34.4,14,10,30.26,7,33,43,23,0,2261.8,52.6
12963,NYC,2016,male,slow,18810.127748206432,52.6,0,34.4,14,10,30.26,7,33,43,23,0,2261.8,52.6
166,NYC,2017,female,elite,10719.777108433736,56.88,0.01,53.57,9,10,30.19,8,28,52,27,0,2957.76,0
1680,NYC,2017,female,competitive,12828.887500000004,56.88,0.01,53.57,9,10,30.19,8,28,52,27,0,2957.76,0
5064,NYC,2017,female,average,14842.733412322275,56.88,0.01,53.57,9,10,30.19,8,28,52,27,0,2957.76,0
7005,NYC,2017,female,recreational,17135.86581013562,56.88,0.01,53.57,9,10,30.19,8,28,52,27,0,2957.76,0
7140,NYC,2017,female,slow,21286.658683473383,56.88,0.01,53.57,9,10,30.19,8,28,52,27,0,2957.76,0
393,NYC,2017,male,elite,9709.814249363868,56.88,0.01,53.57,9,10,30.19,8,28,52,27,0,2957.76,56.88
2626,NYC,2017,male,competitive,11337.491241431837,56.88,0.01,53.57,9,10,30.19,8,28,52,27,0,2957.76,56.88
6236,NYC,2017,male,average,13258.991821680562,56.88,0.01,53.57,9,10,30.19,8,28,52,27,0,2957.76,56.88
9007,NYC,2017,male,recreational,15257.488175863213,56.88,0.01,53.57,9,10,30.19,8,28,52,27,0,2957.76,56.88
11324,NYC,2017,male,slow,19217.603761921582,56.88,0.01,53.57,9,10,30.19,8,28,52,27,0,2957.76,56.88
144,NYC,2018,female,elite,10501.159722222224,50.44,0,32.44,14,10,30.52,8,30,49,36,1,2471.56,0
1440,NYC,2018,female,competitive,12516.555555555557,50.44,0,32.44,14,10,30.52,8,30,49,36,1,2471.56,0
4458,NYC,2018,female,average,14463.79878869448,50.44,0,32.44,14,10,30.52,8,30,49,36,1,2471.56,0
7164,NYC,2018,female,recreational,16700.26018983808,50.44,0,32.44,14,10,30.52,8,30,49,36,1,2471.56,0
8917,NYC,2018,female,slow,20934.12672423464,50.44,0,32.44,14,10,30.52,8,30,49,36,1,2471.56,0
237,NYC,2018,male,elite,9296.637130801688,50.44,0,32.44,14,10,30.52,8,30,49,36,1,2471.56,50.44
2172,NYC,2018,male,competitive,10942.999079189687,50.44,0,32.44,14,10,30.52,8,30,49,36,1,2471.56,50.44
5110,NYC,2018,male,average,12752.775538160471,50.44,0,32.44,14,10,30.52,8,30,49,36,1,2471.56,50.44
8600,NYC,2018,male,recreational,14722.629534883725,50.44,0,32.44,14,10,30.52,8,30,49,36,1,2471.56,50.44
14462,NYC,2018,male,slow,18833.427119347245,50.44,0,32.44,14,10,30.52,8,30,49,36,1,2471.56,50.44
161,NYC,2019,female,elite,10466.801242236024,47.36,0,28.76,8,10,30.13,7,31,52,32,1,2462.72,0
1725,NYC,2019,female,competitive,12464.404057971016,47.36,0,28.76,8,10,30.13,7,31,52,32,1,2462.72,0
4682,NYC,2019,female,average,14434.646304997865,47.36,0,28.76,8,10,30.13,7,31,52,32,1,2462.72,0
7297,NYC,2019,female,recreational,16687.82184459366,47.36,0,28.76,8,10,30.13,7,31,52,32,1,2462.72,0
8855,NYC,2019,female,slow,21020.942066629017,47.36,0,28.76,8,10,30.13,7,31,52,32,1,2462.72,0
414,NYC,2019,male,elite,9487.94202898551,47.36,0,28.76,8,10,30.13,7,31,52,32,1,2462.72,47.36
2945,NYC,2019,male,competitive,11076.34057724957,47.36,0,28.76,8,10,30.13,7,31,52,32,1,2462.72,47.36
5811,NYC,2019,male,average,12982.511615900872,47.36,0,28.76,8,10,30.13,7,31,52,32,1,2462.72,47.36
8911,NYC,2019,male,recreational,14957.762316238355,47.36,0,28.76,8,10,30.13,7,31,52,32,1,2462.72,47.36
12719,NYC,2019,male,slow,19072.45365201667,47.36,0,28.76,8,10,30.13,7,31,52,32,1,2462.72,47.36
108,NYC,2021,female,elite,10343.462962962964,50.12,0,31.96,7,10,30.25,17,39,73,42,1,3658.7599999999998,0
781,NYC,2021,female,competitive,12514.326504481434,50.12,0,31.96,7,10,30.25,17,39,73,42,1,3658.7599999999998,0
2429,NYC,2021,female,average,14394.40592836558,50.12,0,31.96,7,10,30.25,17,39,73,42,1,3658.7599999999998,0
3504,NYC,2021,female,recreational,16692.38498858448,50.12,0,31.96,7,10,30.25,17,39,73,42,1,3658.7599999999998,0
4541,NYC,2021,female,slow,21256.197753798748,50.12,0,31.96,7,10,30.25,17,39,73,42,1,3658.7599999999998,0
164,NYC,2021,male,elite,9387.951219512195,50.12,0,31.96,7,10,30.25,17,39,73,42,1,3658.7599999999998,50.12
1201,NYC,2021,male,competitive,11113.252289758537,50.12,0,31.96,7,10,30.25,17,39,73,42,1,3658.7599999999998,50.12
2743,NYC,2021,male,average,12964.1447320452,50.12,0,31.96,7,10,30.25,17,39,73,42,1,3658.7599999999998,50.12
3865,NYC,2021,male,recreational,14970.549029754204,50.12,0,31.96,7,10,30.25,17,39,73,42,1,3658.7599999999998,50.12
5613,NYC,2021,male,slow,19433.052022091568,50.12,0,31.96,7,10,30.25,17,39,73,42,1,3658.7599999999998,50.12
95,NYC,2022,female,elite,10336.652631578949,70.35,0,61.7,8,10,30.14,9,31,53,26,1,3728.5499999999997,0
1113,NYC,2022,female,competitive,12579.412398921831,70.35,0,61.7,8,10,30.14,9,31,53,26,1,3728.5499999999997,0
3539,NYC,2022,female,average,14523.103701610626,70.35,0,61.7,8,10,30.14,9,31,53,26,1,3728.5499999999997,0
6550,NYC,2022,female,recreational,16814.26854961832,70.35,0,61.7,8,10,30.14,9,31,53,26,1,3728.5499999999997,0
9906,NYC,2022,female,slow,21273.041590955007,70.35,0,61.7,8,10,30.14,9,31,53,26,1,3728.5499999999997,0
182,NYC,2022,male,elite,9491.675824175823,70.35,0,61.7,8,10,30.14,9,31,53,26,1,3728.5499999999997,70.35
1618,NYC,2022,male,competitive,11199.72064276885,70.35,0,61.7,8,10,30.14,9,31,53,26,1,3728.5499999999997,70.35
3879,NYC,2022,male,average,13058.655839133791,70.35,0,61.7,8,10,30.14,9,31,53,26,1,3728.5499999999997,70.35
6831,NYC,2022,male,recreational,15085.639437856824,70.35,0,61.7,8,10,30.14,9,31,53,26,1,3728.5499999999997,70.35
14025,NYC,2022,male,slow,19379.112156862742,70.35,0,61.7,8,10,30.14,9,31,53,26,1,3728.5499999999997,70.35
274,NYC,2023,female,elite,10910.15693430657,56.56,0,38.59,6,10,30.03,13,43,72,46,1,4072.32,0
2202,NYC,2023,female,competitive,12826.47093551317,56.56,0,38.59,6,10,30.03,13,43,72,46,1,4072.32,0
5198,NYC,2023,female,average,14876.566179299733,56.56,0,38.59,6,10,30.03,13,43,72,46,1,4072.32,0
6885,NYC,2023,female,recreational,17198.933188090054,56.56,0,38.59,6,10,30.03,13,43,72,46,1,4072.32,0
8307,NYC,2023,female,slow,21625.22499097147,56.56,0,38.59,6,10,30.03,13,43,72,46,1,4072.32,0
205,NYC,2023,male,elite,9245.117073170732,56.56,0,38.59,6,10,30.03,13,43,72,46,1,4072.32,56.56
2287,NYC,2023,male,competitive,10850.350677743769,56.56,0,38.59,6,10,30.03,13,43,72,46,1,4072.32,56.56
4679,NYC,2023,male,average,12640.952340243644,56.56,0,38.59,6,10,30.03,13,43,72,46,1,4072.32,56.56
7641,NYC,2023,male,recreational,14592.307682240542,56.56,0,38.59,6,10,30.03,13,43,72,46,1,4072.32,56.56
13602,NYC,2023,male,slow,18953.407513600952,56.56,0,38.59,6,10,30.03,13,43,72,46,1,4072.32,56.56
356,NYC,2024,female,elite,10547,46.91,0,22.86,12,10,30.4,8,35,39,41,1,1923.31,0
2468,NYC,2024,female,competitive,12622.078606158824,46.91,0,22.86,12,10,30.4,8,35,39,41,1,1923.31,0
5935,NYC,2024,female,average,14573.019208087642,46.91,0,22.86,12,10,30.4,8,35,39,41,1,1923.31,0
7591,NYC,2024,female,recreational,16863.30931366088,46.91,0,22.86,12,10,30.4,8,35,39,41,1,1923.31,0
8469,NYC,2024,female,slow,21319.570905656125,46.91,0,22.86,12,10,30.4,8,35,39,41,1,1923.31,0
665,NYC,2024,male,elite,9416.527819548866,46.91,0,22.86,12,10,30.4,8,35,39,41,1,1923.31,46.91
3351,NYC,2024,male,competitive,11017.885108922696,46.91,0,22.86,12,10,30.4,8,35,39,41,1,1923.31,46.91
6646,NYC,2024,male,average,12896.903851941035,46.91,0,22.86,12,10,30.4,8,35,39,41,1,1923.31,46.91
8568,NYC,2024,male,recreational,14849.215686274463,46.91,0,22.86,12,10,30.4,8,35,39,41,1,1923.31,46.91
11466,NYC,2024,male,slow,19120.126111983733,46.91,0,22.86,12,10,30.4,8,35,39,41,1,1923.31,46.91
